selected_feature_0,selected_feature_1,selected_feature_2,selected_feature_3,selected_feature_4,selected_feature_5,selected_feature_6,selected_feature_7,selected_feature_8,selected_feature_9,selected_feature_10,selected_feature_11,selected_feature_12,selected_feature_13,selected_feature_14,selected_feature_15,selected_feature_16,selected_feature_17,selected_feature_18,selected_feature_19,selected_feature_20,selected_feature_21,selected_feature_22,selected_feature_23,selected_feature_24,selected_feature_25,selected_feature_26,selected_feature_27,selected_feature_28,selected_feature_29,selected_feature_30,selected_feature_31,selected_feature_32,selected_feature_33,selected_feature_34,selected_feature_35,selected_feature_36,selected_feature_37,selected_feature_38,selected_feature_39,selected_feature_40,selected_feature_41,selected_feature_42,selected_feature_43,selected_feature_44,selected_feature_45,selected_feature_46,selected_feature_47,selected_feature_48,selected_feature_49,selected_feature_50,selected_feature_51,selected_feature_52,selected_feature_53,selected_feature_54,selected_feature_55,selected_feature_56,selected_feature_57,selected_feature_58,selected_feature_59,selected_feature_60,selected_feature_61,selected_feature_62,selected_feature_63,selected_feature_64,selected_feature_65,selected_feature_66,selected_feature_67,selected_feature_68,selected_feature_69,selected_feature_70,selected_feature_71,selected_feature_72,selected_feature_73,selected_feature_74,selected_feature_75,selected_feature_76,selected_feature_77,selected_feature_78,selected_feature_79,selected_feature_80,selected_feature_81,selected_feature_82
-0.0034385578049421174,-0.000994614286076802,0.003023730469331545,0.003284048430896536,-0.0031899728285685247,-0.0007211746727011807,0.006346542661615899,0.0007042432102999723,0.00014830014546591896,-0.0010740707777355813,0.0036966528481575086,0.0059156782437242835,-0.009926962663788983,0.015220713360311267,0.001869801653434743,0.003315365076097107,0.009249587468591537,0.005024393571509744,-0.0006736098534865973,-0.004364696168575507,0.0007511390777041815,0.0007908645899013684,-0.0012824587707162326,0.005116725890846431,-0.002411639975708968,-3.057677320487977e-05,-0.0008221875475388365,-0.005470019123394108,-0.00624116965322888,0.0026744962070481084,-0.0010333076081849217,0.01273988440096332,0.0001522028107595081,-0.006233251471582681,-0.0029111538853079386,0.00598584744454255,-0.0033550784463191115,-0.0025080858444368782,0.0014537916897049206,-0.0009261501458519845,0.0018958536284885248,0.0073441018689823275,-0.008781841276225721,-0.018290069895946427,-0.006451415671122261,-0.002776898572239733,0.0007237953744703887,-0.0021421331127372406,0.0015643778427687008,-0.0011559874367971438,-0.0006964034730905141,0.005323986099352161,0.014831098511797909,-0.002102597434303475,-0.0008712679164735099,-0.007822745903973137,-0.004800285384416486,0.0012850493712764977,0.0013091250464341835,-0.004274905281084886,-0.0010289409959844573,-0.004487758759970645,0.03156583497236666,-0.0019781779251782953,-0.0011637350734628202,-0.0073277654803727875,-0.0016458174301497443,0.0009391644662510615,-0.0003621258459953137,0.0006171999804814453,0.0022014277965303817,0.0005615121413714458,-0.021805343843655105,-0.0018000591404344812,-0.004056576775778787,-0.0029353303990099166,-0.0010158508891731353,-0.001450524281218528,-0.0011032230983832438,0.02284868226606801,0.003018257108064472,-0.00614477099850189,-0.00243258464383488
-0.007621514836520581,-0.0017825350961452814,0.003023730469331545,0.0033475500353457067,0.004188171313775109,-0.0007011309490881891,0.006342666191098326,0.000700344150334021,0.0009666776108685562,-0.0001751586287667168,0.003589405163096432,0.005940026605659592,-0.009565161388455,0.01555967806813344,0.0021898393032472024,0.003315365076097107,0.009591321689768643,0.004975263692743814,-0.0006657691839917926,-0.004360121239188547,0.0007511390777041815,0.0008935767273879417,-0.0011774873753076093,0.005201147731210923,-0.002411639975708968,-9.321821767328777e-06,-0.0008221875475388365,-0.005063787780869085,-0.006692295770554328,0.0026640745299597647,-0.0010333076081849217,0.01403416589650389,0.0001556781413416975,-0.005958735259369101,-0.0029518508658545432,0.005999572995280812,-0.003716198033991581,-0.0026106925281770385,0.0014199642766941772,-0.0008862779963366214,0.002481062642435041,0.007072443702587319,-0.008795190759440576,-0.017314004643904007,-0.0064689421248475655,-0.0009142008452415609,0.0007237953744703887,-0.0018199386579441008,0.0015643778427687008,-0.0012009533313870984,0.00019509187652858462,0.012487547218029058,0.015032087998501682,-0.0019369616650163274,-0.0011005110340075392,-0.008441991541926692,-0.005179978301059229,0.001641722661927073,0.0016700582702984421,-0.0036726144853326923,-0.0007262209275151916,-0.004255068781030667,0.030529188901480386,-0.001570948671920928,-0.0009904614901727904,-0.00669436282895865,-0.0016458174301497443,0.0009274891022209337,-0.00025950026802334085,0.0005971087511572369,0.0022014277965303817,0.0006965821893575892,-0.02101037545951981,-0.001902289922271552,-0.0030971922436143075,-0.0026409168020735405,-0.0012058674278954903,-0.001430846988813963,-0.0011474277200526541,0.0208522794988156,0.0030216105621221514,-0.00600333185871191,-0.00243258464383488
0.003123650195161588,-0.001534954584875748,0.0029615176665413567,0.0028315665889290307,-0.00348382432808193,-0.00139959461965484,0.005903054163478203,0.0007042432102999723,0.00022034533781186335,-0.00014816572677381478,0.0032953857038390054,0.006091203726952948,-0.009488925002846267,0.015462208935580968,0.0018113477742353452,0.0027621853461871895,0.009183186219232893,0.005278909207486037,-0.0006736098534865973,-0.004457713612351103,0.0006851321933356036,0.0005999114186850393,-0.0018444562490893663,0.005205625522744334,-0.002704539231965816,4.533205364602566e-05,-0.0010509056286754062,-0.0046099250542535955,-0.006867961788847429,0.002420081819643448,-0.0010333076081849217,0.012850969900526999,0.0003179545231619381,-0.0064544729364496185,-0.0031918968360452036,0.005000631362719249,-0.0033550784463191115,-0.002620285208224264,0.0014537916897049206,-0.0009384882450241531,0.0020645801149314024,0.006981398721505159,-0.00915625712535107,-0.01903820359709825,-0.0060322597085622955,-0.002024890750446802,0.0007623186978272243,-0.0019121118038999121,0.0015643778427687008,-0.0013858350094545647,-0.005735824689435616,0.00530219687617923,0.015932004043395356,-0.0021079014396074803,-0.0008712679164735099,-0.007269046970694014,-0.004595360186897022,0.0014580295222409913,0.0013853400222518053,-0.004274905281084886,-0.0007148212600481836,-0.004487758759970645,0.03187924920355895,-0.002241810337908203,-0.0010035386694537596,-0.007326676043881964,-0.001646251254649073,0.0011484309032349558,-0.0007069479433896309,0.0005989071355705604,0.002056430885933485,0.0005174035115790554,-0.020848920775112804,-0.0025607387768739522,-0.004047881568372516,-0.0027922178996658085,-0.0010417911736899687,-0.0014323234155540156,-0.0011032230983832438,0.022389346774370496,0.0030530210025550746,-0.006337881993526906,-0.002506078149424251
0.0011231924918114048,-0.001534954584875748,0.0029615176665413567,0.003221727956147932,-0.003092081666104859,-0.0007262795702697955,0.006627004105996526,0.0007042432102999723,0.00014830014546591896,-0.0001751586287667168,0.0035548881318124836,0.006123534003525123,-0.009584613786208184,0.015462208935580968,0.0018113477742353452,0.0027621853461871895,0.009249587468591537,0.005278909207486037,-0.0006736098534865973,-0.004360053666900951,0.0006851321933356036,0.0006712473650209856,-0.0018444562490893663,0.005280113651864842,-0.0024665908572619587,-5.1647282646291445e-05,-0.0008221875475388365,-0.00428903760836615,-0.00638437186164848,0.002445653791773704,-0.0010333076081849217,0.013022931516510291,0.0003179545231619381,-0.0062439093455033635,-0.0032348613902879533,0.005513819093952092,-0.0033550784463191115,-0.002620285208224264,0.0014537916897049206,-0.0009384882450241531,0.001929957844970787,0.006977502426144909,-0.00915625712535107,-0.018408563242829506,-0.006332494889856795,-0.002776898572239733,0.0007623186978272243,-0.0021903081379891043,0.0015643778427687008,-0.0011559874367971438,-0.005735824689435616,0.005298766796977015,0.016450946167282293,-0.002102597434303475,-0.0008712679164735099,-0.007727671537977326,-0.004713414070794084,0.0014580295222409913,0.0013243864141391603,-0.004274905281084886,-0.0007580531572654024,-0.004487758759970645,0.03187924920355895,-0.002039112553782097,-0.0010507313038174463,-0.007516371051859127,-0.0015965177102617888,0.001136662824737554,-0.0003621258459953137,0.0005989071355705604,0.002056430885933485,0.0005174035115790554,-0.021730713878137208,-0.002178803421107497,-0.004056576775778787,-0.002957203612063254,-0.0010158508891731353,-0.001458022822909694,-0.0011032230983832438,0.022846796108353204,0.0030530210025550746,-0.006018307547207026,-0.0025116662764879416
-0.0069660080226556865,-0.0009987764772690685,0.003023730469331545,0.00320348989169138,-0.0028011007576124298,-0.0008384601469026419,0.006346542661615899,0.0007042432102999723,0.00014830014546591896,-0.0001751586287667168,0.0035548881318124836,0.006249883307374424,-0.00939503188170823,0.015267502488281837,0.0018113477742353452,0.003315365076097107,0.008981068950073022,0.005016965349483065,-0.0006736098534865973,-0.004360053666900951,0.0007511390777041815,0.0007908645899013684,-0.0012824587707162326,0.0052954787854492145,-0.0024665908572619587,-6.001928996991176e-05,-0.0008221875475388365,-0.004034490872608009,-0.006374225179750992,0.002445653791773704,-0.0010333076081849217,0.014289283264235215,0.00038368034713576497,-0.005771633108227128,-0.0029518508658545432,0.00598584744454255,-0.0033757082521261457,-0.0026106925281770385,0.0014537916897049206,-0.0009384882450241531,0.0018658223509562474,0.007307344889446021,-0.008764557497522328,-0.01812249481698951,-0.006332494889856795,-0.00208729165065651,0.0007424148979234245,-0.0017740452012045501,0.0015643778427687008,-0.0012009533313870984,-0.005924269753431627,0.005265936008720618,0.015476420389930431,-0.002102597434303475,-0.0008712679164735099,-0.007727671537977326,-0.005172973399955991,0.0012964648963906525,0.0013853400222518053,-0.004274905281084886,-0.0007580531572654024,-0.004255068781030667,0.03196512126630236,-0.0019781779251782953,-0.001116542439099133,-0.007589256708935524,-0.0016458174301497443,0.001136662824737554,-0.0005103871241908022,0.0005989071355705604,0.00208955565041166,0.0005174035115790554,-0.02132756956599175,-0.002178803421107497,-0.004056576775778787,-0.002957203612063254,-0.0009925967832122625,-0.001458022822909694,-0.0011032230983832438,0.021134747672572698,0.002961884069312878,-0.006011732517362616,-0.0024269965167711895
0.0025967462592573353,-0.001534954584875748,0.0029615176665413567,0.0028315665889290307,-0.003092081666104859,-0.0007262795702697955,0.005974150271094181,0.0007042432102999723,0.00014830014546591896,-0.0001751586287667168,0.0035548881318124836,0.006123534003525123,-0.009488925002846267,0.015462208935580968,0.0018113477742353452,0.0027621853461871895,0.009249587468591537,0.005278909207486037,-0.0006736098534865973,-0.004360053666900951,0.0006851321933356036,0.0006712473650209856,-0.0018444562490893663,0.005280113651864842,-0.0024665908572619587,4.533205364602566e-05,-0.0008221875475388365,-0.004281928496219849,-0.00638437186164848,0.002445653791773704,-0.0010333076081849217,0.013022931516510291,0.0003179545231619381,-0.0062439093455033635,-0.0032348613902879533,0.005513819093952092,-0.0033550784463191115,-0.002620285208224264,0.0014537916897049206,-0.0009384882450241531,0.001929957844970787,0.006977502426144909,-0.00915625712535107,-0.01890197868106667,-0.006332494889856795,-0.0020775650110640667,0.0007623186978272243,-0.0021903081379891043,0.0015643778427687008,-0.0013878160080298117,-0.005735824689435616,0.005280395332440947,0.016450946167282293,-0.002102597434303475,-0.0008712679164735099,-0.007727671537977326,-0.004713414070794084,0.0014580295222409913,0.0013243864141391603,-0.004274905281084886,-0.0007580531572654024,-0.004487758759970645,0.03188635831570526,-0.002039112553782097,-0.0010507313038174463,-0.007550478497893568,-0.0015965177102617888,0.001136662824737554,-0.0007069479433896309,0.0005989071355705604,0.002056430885933485,0.0005174035115790554,-0.021388523174104397,-0.00238900652501952,-0.004056576775778787,-0.002957203612063254,-0.0010087417770268344,-0.0013870905639468748,-0.0011032230983832438,0.022846796108353204,0.0030530210025550746,-0.006018307547207026,-0.0025116662764879416
-0.00696228577904126,-0.0009728106032893304,0.003023730469331545,0.003087238196207992,-0.0028011007576124298,-0.0007262795702697955,0.006346542661615899,0.0007042432102999723,0.00014830014546591896,-9.14265713504489e-05,0.0035548881318124836,0.006249883307374424,-0.00939503188170823,0.015741081857136293,0.0018113477742353452,0.0033225300559101708,0.009536361220557746,0.005016965349483065,-0.0006736098534865973,-0.004360053666900951,0.0010593691122500056,0.0006712473650209856,-0.0014177783198531556,0.004717550740521443,-0.0024665908572619587,-6.001928996991176e-05,-0.0004128308223926379,-0.004030768628993583,-0.006374225179750992,0.002445653791773704,-0.0010333076081849217,0.014289283264235215,0.0023592387064007513,-0.005778371652701521,-0.0029518508658545432,0.005957442429582514,-0.0037541382487259914,-0.0026106925281770385,0.0014537916897049206,-0.0009384882450241531,0.0015551105126362919,0.007731038632151579,-0.008764557497522328,-0.018109198011787255,-0.006332494889856795,-0.0020775650110640667,0.0007499166454896188,-0.0018083145480410293,-0.0005216199300069139,-0.0012021679582507536,-0.0060253944318847535,0.005283472753885715,0.015998753285594847,-0.0017566470883531283,-0.0008712679164735099,-0.007727671537977326,-0.005172973399955991,0.0012964648963906525,0.0013243864141391603,-0.004274905281084886,-0.0007580531572654024,-0.004255068781030667,0.0318571658547878,-0.002528785974140525,-0.00057601362789363,-0.007589256708935524,-0.0017135679753438984,0.001136662824737554,-0.0005736948494898497,0.0005989071355705604,0.00208955565041166,0.0005174035115790554,-0.02129897106253295,-0.002178803421107497,-0.004056576775778787,-0.002957203612063254,-0.0009888745395978356,-0.001458022822909694,-0.0011032230983832438,0.021711697967203944,0.0030530210025550746,-0.006011732517362616,-0.0024269965167711895
-0.007094565843111725,-0.0017710176645579182,0.0031633652706204818,0.00287046899257622,0.004188171313775109,-0.0007011309490881891,0.005257717080412537,8.237496814544578e-05,0.0009721890473757533,-0.0010740707777355813,0.003731169879441457,0.005728563606037908,-0.009565161388455,0.01553634162668405,0.0021396408905487896,0.003315365076097107,0.009611808832542739,0.004948880112537639,-0.0006657691839917926,-0.004360121239188547,0.0007511390777041815,0.0008652607266581479,-0.0011774873753076093,0.005201147731210923,-0.002411639975708968,8.765751452498833e-05,-0.0008221875475388365,-0.0049260567379656285,-0.006692295770554328,0.0024138070086891796,-0.0010570696716305703,0.01403416589650389,0.0001556781413416975,-0.005958735259369101,-0.0029518508658545432,0.00590844748270694,-0.003716198033991581,-0.002498493164389653,0.0014199642766941772,-0.0008862779963366214,0.003521650027138294,0.0070789923590662725,-0.008790905153651211,-0.01698525782699119,-0.0064689421248475655,-0.0009725874219471035,0.0007237953744703887,-0.0020136046410837685,0.0011449619561132867,-0.0014308009040445197,0.00774853062503024,0.012487547218029058,0.014952188795186798,-0.0019331255441017963,-0.0011005110340075392,-0.009004762104697254,-0.00512909525973782,0.001641722661927073,0.0016700582702984421,-0.0036726144853326923,-0.0009971087662342466,-0.003917265088124933,0.02972234711624172,-0.0016300909185631748,-0.0009517197003534145,-0.00669436282895865,-0.0016458174301497443,0.0009274891022209337,-0.00025950026802334085,0.0005971087511572369,0.0022014277965303817,0.0006965821893575892,-0.021118042586520985,-0.0021124930261835753,-0.0030971922436143075,-0.0024238942214088034,-0.00043855870892152654,-0.0013417394272834085,-0.0011411489409489555,0.020929544223716366,0.0030216105621221514,-0.006045276959470532,-0.00243258464383488
-0.005412554685144661,-0.0010181759374580024,0.003023730469331545,0.0027742307801115764,-0.0028011007576124298,-0.001243744682154954,0.005261593550930111,0.0004900714171808107,0.00014830014546591896,-0.00024218333338540653,0.0035548881318124836,0.006123534003525123,-0.009461135285879817,0.01585295853685689,0.0018113477742353452,0.003315365076097107,0.009249587468591537,0.005016965349483065,-0.0006736098534865973,-0.004360053666900951,0.0007511390777041815,0.0006712473650209856,-0.0014177783198531556,0.004977704567930518,-0.0024665908572619587,3.696004632240555e-05,-0.0008221875475388365,-0.004220428479824216,-0.006374225179750992,0.002445653791773704,-0.0010333076081849217,0.01337309213213499,0.00038368034713576497,-0.0062439093455033635,-0.0029518508658545432,0.005817434958982937,-0.0033757082521261457,-0.002620285208224264,0.0014537916897049206,-0.0009384882450241531,0.0018658223509562474,0.007307344889446021,-0.00879169311792992,-0.018109198011787255,-0.006332494889856795,-0.00208729165065651,0.0007499166454896188,-0.0019025736728580218,0.001377771872059615,-0.0013878160080298117,-0.005535337311008313,0.0042364648477209894,0.016110430940723834,-0.002102597434303475,-0.0008712679164735099,-0.007607984565443952,-0.0047276227129296865,0.0016148203087310259,0.0013853400222518053,-0.004274905281084886,-0.0007580531572654024,-0.004487758759970645,0.031779183659086156,-0.0019280526118950873,-0.0010970130962615196,-0.007624095736121488,-0.0016458174301497443,0.001136662824737554,-0.0004945592021128801,0.0005989071355705604,0.00208955565041166,0.0005174035115790554,-0.021238017454420305,-0.00238900652501952,-0.004056576775778787,-0.002957203612063254,-0.0010087417770268344,-0.001458022822909694,-0.0011032230983832438,0.022165433535048067,0.0030530210025550746,-0.006018307547207026,-0.0024269965167711895
-0.003597028849741701,-0.001363096367904749,0.003023730469331545,0.002813328524472479,-0.003465692369355977,-0.002475974396936953,0.0051904974433141324,0.0003897156627387259,8.315252030545694e-05,-0.001346091914361657,0.0035548881318124836,0.005813677301810288,-0.010136636146623667,0.015114047887104439,0.001869801653434743,0.003315365076097107,0.008766236233360612,0.004975263692743814,-0.0006657691839917926,-0.004364696168575507,0.0007511390777041815,0.0007908645899013684,-0.0017333374412347538,0.005116725890846431,-0.002513101612995462,5.440179503828239e-05,-0.0008221875475388365,-0.005309062324288674,-0.00624116965322888,0.002766588342022531,-0.0010333076081849217,0.012800161591537518,0.0001522028107595081,-0.006233251471582681,-0.0029111538853079386,0.0059664121877703365,-0.0035344229113778622,-0.002620285208224264,0.0014537916897049206,-0.0009261501458519845,0.0018958536284885248,0.007014259405681216,-0.009179207878368971,-0.018097166003256032,-0.0064689421248475655,-0.002024890750446802,0.0007237953744703887,-0.0019025736728580218,0.0015643778427687008,-0.0013858350094545647,-0.0014001481196746195,0.01008685079716242,0.015576743478444262,-0.002102597434303475,-0.001024946964190596,-0.008018341369280238,-0.004354934697390182,0.0015052704202116731,0.0013853400222518053,-0.004274905281084886,-0.0007319779909568601,-0.004487758759970645,0.030414136902407702,-0.0019781779251782953,-0.001116542439099133,-0.007365094624525534,-0.0016458174301497443,0.0009306824743787423,-0.00037610570206298555,0.0006171999804814453,0.0022014277965303817,0.0005615121413714458,-0.021402199531509652,-0.002010262244346505,-0.004047881568372516,-0.0026738069091145423,-0.0010158508891731353,-0.001450524281218528,-0.0011032230983832438,0.022273378307703217,0.003002145400223441,-0.005939936292274882,-0.0024269965167711895
0.004711963614677995,-0.001534954584875748,0.0029615176665413567,0.0028315665889290307,-0.00352225373493239,-0.00139959461965484,0.005903054163478203,0.0004900714171808107,0.0001393889786600153,-0.00014816572677381478,0.0032953857038390054,0.006091203726952948,-0.009488925002846267,0.01585295853685689,0.0018113477742353452,0.0027621853461871895,0.009183186219232893,0.005278909207486037,-0.0006736098534865973,-0.004457713612351103,0.0006851321933356036,0.0005999114186850393,-0.0018444562490893663,0.005280113651864842,-0.002704539231965816,4.533205364602566e-05,-0.0010509056286754062,-0.004602815942107295,-0.00638437186164848,0.002420081819643448,-0.0010333076081849217,0.012770013541375152,0.0003179545231619381,-0.006451539014342764,-0.0031918968360452036,0.005444896788187681,-0.0033550784463191115,-0.002620285208224264,0.0014537916897049206,-0.0009384882450241531,0.001929957844970787,0.006981398721505159,-0.00915625712535107,-0.01890197868106667,-0.0060322597085622955,-0.002024890750446802,0.0007623186978272243,-0.0019121118038999121,0.0015643778427687008,-0.0013878160080298117,-0.005735824689435616,0.00430011654250644,0.016150505890808183,-0.0021079014396074803,-0.0008712679164735099,-0.007727671537977326,-0.004653873817913338,0.001776384934581366,0.0013853400222518053,-0.004274905281084886,-0.0007148212600481836,-0.004487758759970645,0.03188635831570526,-0.002191685024624995,-0.0010035386694537596,-0.007313547985641123,-0.001646251254649073,0.0011484309032349558,-0.0007069479433896309,0.0005989071355705604,0.002056430885933485,0.0005174035115790554,-0.021284605011749003,-0.002552409421740086,-0.004047881568372516,-0.0027922178996658085,-0.0010346820615436678,-0.0014096304834446854,-0.0011032230983832438,0.022389346774370496,0.0030530210025550746,-0.006018307547207026,-0.002506078149424251
-0.005941305839920785,-0.0010566467770411765,0.003023730469331545,0.003164392147330478,-0.0046134715751671735,-0.000706235846656804,0.006332068786959653,0.0004900714171808107,0.0006217158275282175,-0.001141095482354271,0.0036966528481575086,0.006249883307374424,-0.009853392027541335,0.015512159778843359,0.001975513508177053,0.003315365076097107,0.008977202140191173,0.004983542868096384,-0.0006736098534865973,-0.004432424289006567,0.0007511390777041815,0.0006712473650209856,-0.0014177783198531556,0.005042434320933749,-0.0024665908572619587,-3.876433853236088e-05,-0.0008221875475388365,-0.004040040821332137,-0.006374225179750992,0.0023881307825700227,-0.0010333076081849217,0.01459117435559999,0.00038368034713576497,-0.005771633108227128,-0.0029518508658545432,0.00576240632132146,-0.0035368535689328305,-0.002498493164389653,0.0014342905559180728,-0.0009682652316563656,0.0016633336303065337,0.007042235379529966,-0.008790119028781093,-0.01827108119081675,-0.0072284607987593424,-0.00043710084064300535,0.0007424148979234245,-0.0017740452012045501,0.0015643778427687008,-0.0012021679582507536,-0.005824951663047933,0.004239542269165757,0.01565221572481292,-0.0019369616650163274,-0.0009468319862904531,-0.0076813441038783865,-0.005104747279098292,0.0016909702203302163,0.0020616592767510296,-0.004274905281084886,-0.0010289409959844573,-0.004255068781030667,0.03196884350991679,-0.0019280526118950873,-0.0009237395129714901,-0.007584029584347496,-0.0016458174301497443,0.001136662824737554,-0.00037795376807323565,0.0005989071355705604,0.00208955565041166,0.0005514378034584,-0.02101709368972444,-0.002178803421107497,-0.004038736306257645,-0.002957203612063254,-0.0010138319976517125,-0.0014618896327915415,-0.0011032230983832438,0.0213953857832548,0.0030530210025550746,-0.006285845052478615,-0.0025237415279879263
0.0030897234682234227,-0.0013329683027327442,0.0029615176665413567,0.002912125128134186,-0.0034809537370609537,-0.0008333552493340271,0.005903054163478203,0.000700344150334021,0.00014830014546591896,-0.0012623598569453888,0.0035548881318124836,0.005813677301810288,-0.009915053359960818,0.015114047887104439,0.001869801653434743,0.002769350326000253,0.008745484123082358,0.0052372075507467865,-0.0006657691839917926,-0.004364696168575507,0.0006851321933356036,0.0007908645899013684,-0.0017333374412347538,0.004554162979503032,-0.0026495883504128255,7.477457041105755e-05,-0.0006415489035292075,-0.005309062324288674,-0.00624116965322888,0.0026640745299597647,-0.0010333076081849217,0.01243567065874074,0.002127761170024494,-0.006233251471582681,-0.0032348613902879533,0.005593874016975081,-0.003912852907977708,-0.002620285208224264,0.0014537916897049206,-0.0009261501458519845,0.0020388876737934985,0.007014259405681216,-0.009146405283646871,-0.019253934372878753,-0.0064689421248475655,-0.002024890750446802,0.0007436991743741885,-0.001854398647606158,0.0015643778427687008,-0.0013858350094545647,9.45335082160044e-05,0.01008685079716242,0.014579895116814229,-0.002102597434303475,-0.001024946964190596,-0.00804684273995228,-0.0051860958185620445,0.0016668350460620133,0.0013700786545468285,-0.003678911014833785,-0.0007319779909568601,-0.004487758759970645,0.03036743657383797,-0.0025897206027443265,-0.0005020685439234833,-0.007216105229052866,-0.0015965177102617888,0.0009306824743787423,-0.0005582112731610959,0.0006171999804814453,0.0021683030320522067,0.0005615121413714458,-0.021402199531509652,-0.002010262244346505,-0.004047881568372516,-0.0025088211967170975,-0.0010158508891731353,-0.0013795920222557086,-0.0011474277200526541,0.022517650892387754,0.0030216105621221514,-0.005984579149417739,-0.002506078149424251
-0.00696228577904126,-0.0009987764772690685,0.003023730469331545,0.00320348989169138,-0.0028011007576124298,-0.0007262795702697955,0.006346542661615899,0.0007042432102999723,0.00014830014546591896,-0.0001751586287667168,0.0035548881318124836,0.006249883307374424,-0.00939503188170823,0.015267502488281837,0.0018113477742353452,0.003315365076097107,0.008981068950073022,0.005016965349483065,-0.0006736098534865973,-0.004360053666900951,0.0007511390777041815,0.0006712473650209856,-0.0014177783198531556,0.005280113651864842,-0.0024665908572619587,-6.001928996991176e-05,-0.0008221875475388365,-0.004030768628993583,-0.006374225179750992,0.002445653791773704,-0.0010333076081849217,0.014289283264235215,0.00038368034713576497,-0.005771633108227128,-0.0029518508658545432,0.005886357264747349,-0.0033757082521261457,-0.0026106925281770385,0.0014537916897049206,-0.0009384882450241531,0.0018658223509562474,0.007307344889446021,-0.008764557497522328,-0.018109198011787255,-0.006332494889856795,-0.002776898572239733,0.0007424148979234245,-0.0017740452012045501,0.0015643778427687008,-0.0012021679582507536,-0.005824181871388857,0.005283472753885715,0.016110430940723834,-0.002102597434303475,-0.0008712679164735099,-0.007727671537977326,-0.005172973399955991,0.0012964648963906525,0.0013243864141391603,-0.004274905281084886,-0.0007580531572654024,-0.004255068781030667,0.03196884350991679,-0.0019781779251782953,-0.0010970130962615196,-0.007589256708935524,-0.0016458174301497443,0.001136662824737554,-0.00037795376807323565,0.0005989071355705604,0.00208955565041166,0.0005174035115790554,-0.021730713878137208,-0.002178803421107497,-0.004056576775778787,-0.002957203612063254,-0.0009888745395978356,-0.001458022822909694,-0.0011032230983832438,0.021134747672572698,0.0030530210025550746,-0.006011732517362616,-0.0024269965167711895
0.0030815571573360235,-0.001363096367904749,0.0029615176665413567,0.0028315665889290307,-0.003092081666104859,-0.0007262795702697955,0.005903054163478203,0.0007102573040416086,0.00014830014546591896,-0.001346091914361657,0.0035548881318124836,0.006123534003525123,-0.011044463087054207,0.01608342921736856,0.0018113477742353452,0.0027621853461871895,0.008763095285820956,0.005278909207486037,-0.0006736098534865973,-0.004360053666900951,0.0006851321933356036,0.0007908645899013684,-0.0017091366999524432,0.0052954787854492145,-0.002704539231965816,4.533205364602566e-05,-0.0010509056286754062,-0.00428903760836615,-0.00638437186164848,0.002445653791773704,-0.0010333076081849217,0.01299267911783684,0.0003179545231619381,-0.0062439093455033635,-0.0032402670613282994,0.005613309273747293,-0.0033550784463191115,-0.002620285208224264,0.0014537916897049206,-0.0009384882450241531,0.0018914194045781291,0.006977502426144909,-0.00915625712535107,-0.018915275486268927,-0.006332494889856795,-0.002015164110854359,0.0007623186978272243,-0.0018590090187744716,0.0015643778427687008,-0.0013858350094545647,-0.006174168634785957,0.005267555704217864,0.015476420389930431,-0.002102597434303475,-0.0008712679164735099,-0.007727671537977326,-0.0050992245049396425,0.0014580295222409913,0.0013243864141391603,-0.004274905281084886,-0.0007580531572654024,-0.004487758759970645,0.03187924920355895,-0.002039112553782097,-0.0010230680122913728,-0.007520652579035737,-0.0015965177102617888,0.001136662824737554,-0.0007069479433896309,0.0005989071355705604,0.002056430885933485,0.0005174035115790554,-0.021388523174104397,-0.00238900652501952,-0.004047881568372516,-0.002796580035600709,-0.0010158508891731353,-0.0013870905639468748,-0.0011032230983832438,0.02321139808949654,0.002961884069312878,-0.006018307547207026,-0.00253310650462598
-0.00643905902924683,-0.0009612931717019672,0.003023730469331545,0.00320348989169138,-0.0028011007576124298,-0.0007262795702697955,0.006346542661615899,0.0007042432102999723,0.00014830014546591896,-9.14265713504489e-05,0.0035548881318124836,0.006249883307374424,-0.010316176813014865,0.015268109071852665,0.0018113477742353452,0.0033225300559101708,0.00895645002991292,0.005016965349483065,-0.0006736098534865973,-0.004360053666900951,0.0007511390777041815,0.0006712473650209856,-0.0012824587707162326,0.004732915874105815,-0.0024665908572619587,-6.001928996991176e-05,-0.0004128308223926379,-0.004034490872608009,-0.006374225179750992,0.002445653791773704,-0.0010333076081849217,0.014289283264235215,0.0023592387064007513,-0.005771633108227128,-0.0029518508658545432,0.005894721931968679,-0.0037541382487259914,-0.0026106925281770385,0.0014537916897049206,-0.0009384882450241531,0.0018626178077704744,0.007042235379529966,-0.008760271891732964,-0.018126361626871357,-0.006332494889856795,-0.002776898572239733,0.0007424148979234245,-0.0017740452012045501,0.0015643778427687008,-0.0012009533313870984,-0.0061624379346964285,0.005265936008720618,0.015360875924919594,-0.002102597434303475,-0.0008712679164735099,-0.007727671537977326,-0.005172973399955991,0.0012964648963906525,0.0013243864141391603,-0.004274905281084886,-0.0007580531572654024,-0.004255068781030667,0.03185344361117337,-0.002528785974140525,-0.00057601362789363,-0.007589256708935524,-0.0016458174301497443,0.001136662824737554,-0.00034767059789459506,0.0005989071355705604,0.00208955565041166,0.0005174035115790554,-0.021730713878137208,-0.002178803421107497,-0.004056576775778787,-0.002957203612063254,-0.0010175542412661394,-0.0014618896327915415,-0.0011032230983832438,0.021134747672572698,0.002961884069312878,-0.006011732517362616,-0.0024269965167711895
-0.006957841711768287,-0.001559309684948971,0.0031633652706204818,0.003260630359795122,-0.0036513672492123625,-0.0007211746727011807,0.006346542661615899,8.237496814544578e-05,0.00015381158197311614,-9.14265713504489e-05,0.0035548881318124836,0.005728563606037908,-0.009430949273128254,0.01514876278227713,0.0018137552875199562,0.0033225300559101708,0.009078973488830975,0.004975263692743814,-0.0006657691839917926,-0.004364696168575507,0.0007511390777041815,0.0007625485891715744,-0.0013066595119985431,0.004554162979503032,-0.002411639975708968,-3.057677320487977e-05,-0.0004128308223926379,-0.004916784545627075,-0.006231022971331393,0.0024138070086891796,-0.0010570696716305703,0.013732274805139113,0.0021934869939983213,-0.0057609752343064455,-0.0029518508658545432,0.0059664121877703365,-0.0039334827137847425,-0.0026106925281770385,0.0014199642766941772,-0.0009261501458519845,0.0030153395644822115,0.0073441018689823275,-0.008754705655818129,-0.01812854007680467,-0.0064689421248475655,-0.001614972621470446,0.0007237953744703887,-0.0017258701759526865,0.0011449619561132867,-0.0012009533313870984,0.007572710312859659,0.012622637966879204,0.014503862723381193,-0.002098761313388944,-0.001024946964190596,-0.008609613302722842,-0.005140735551399285,0.0015734965410693726,0.0016700582702984421,-0.003678911014833785,-0.0007319779909568601,-0.003917265088124933,0.02964646685134271,-0.0025879282207827716,-0.0005568011809118673,-0.006985480232858008,-0.0016458174301497443,0.0009306824743787423,-0.00036165045396226706,0.0005639677262922533,0.0022014277965303817,0.0005615121413714458,-0.021570820266623474,-0.0017295866970171634,-0.004056576775778787,-0.002456784328449805,-0.00020033060618442167,-0.001337872617401561,-0.0011411489409489555,0.020246346687672428,0.0030216105621221514,-0.0058732667615739595,-0.0024269965167711895
0.0031226753218339997,-0.0015543540450646818,0.0029615176665413567,0.0028315665889290307,-0.00348382432808193,-0.00139959461965484,0.005903054163478203,0.0004900714171808107,0.00022034533781186335,-6.443366935754686e-05,0.0032953857038390054,0.006091203726952948,-0.009488925002846267,0.01585295853685689,0.0018113477742353452,0.0027621853461871895,0.009183186219232893,0.005278909207486037,-0.0006736098534865973,-0.004457713612351103,0.0006851321933356036,0.0005999114186850393,-0.0018444562490893663,0.005205625522744334,-0.002704539231965816,4.533205364602566e-05,-0.0006415489035292075,-0.004602815942107295,-0.006867961788847429,0.002420081819643448,-0.0010333076081849217,0.012850969900526999,0.002161009129374439,-0.0064544729364496185,-0.0031918968360452036,0.004931709056954838,-0.0033550784463191115,-0.002620285208224264,0.0014537916897049206,-0.0009384882450241531,0.0020645801149314024,0.006981398721505159,-0.00915625712535107,-0.01903820359709825,-0.0060322597085622955,-0.002024890750446802,0.0007623186978272243,-0.0019121118038999121,0.0015643778427687008,-0.0013878160080298117,-0.005735824689435616,0.004239894926923205,0.015932004043395356,-0.0021079014396074803,-0.0008712679164735099,-0.007269046970694014,-0.004595360186897022,0.001776384934581366,0.0013853400222518053,-0.004274905281084886,-0.0007148212600481836,-0.004487758759970645,0.03188635831570526,-0.002191685024624995,-0.00048253920108586983,-0.007321448919293936,-0.001646251254649073,0.0011484309032349558,-0.0007069479433896309,0.0005989071355705604,0.002056430885933485,0.0005174035115790554,-0.020848920775112804,-0.0025607387768739522,-0.004047881568372516,-0.0027922178996658085,-0.0010346820615436678,-0.0014323234155540156,-0.0011032230983832438,0.02249512289048496,0.0030530210025550746,-0.006337881993526906,-0.002506078149424251
-0.0069660080226556865,-0.0009728106032893304,0.003023730469331545,0.00320348989169138,-0.0028011007576124298,-0.0007262795702697955,0.006346542661615899,0.0007042432102999723,0.00014830014546591896,-9.14265713504489e-05,0.0035548881318124836,0.006249883307374424,-0.00939503188170823,0.015267502488281837,0.0018113477742353452,0.0033225300559101708,0.00896031683979477,0.005016965349483065,-0.0006736098534865973,-0.004360053666900951,0.0007511390777041815,0.0006712473650209856,-0.0012824587707162326,0.004732915874105815,-0.0024665908572619587,-6.001928996991176e-05,-0.0004128308223926379,-0.004034490872608009,-0.006374225179750992,0.002445653791773704,-0.0010333076081849217,0.014289283264235215,0.0023592387064007513,-0.005771633108227128,-0.0029518508658545432,0.00598584744454255,-0.0037541382487259914,-0.0026106925281770385,0.0014537916897049206,-0.0009384882450241531,0.0019447209022466821,0.007307344889446021,-0.008764557497522328,-0.01812249481698951,-0.006332494889856795,-0.0020775650110640667,0.0007424148979234245,-0.0017740452012045501,0.0015643778427687008,-0.0012009533313870984,-0.005824181871388857,0.005265936008720618,0.01536474273480144,-0.002102597434303475,-0.0008712679164735099,-0.007727671537977326,-0.005172973399955991,0.0012964648963906525,0.0013243864141391603,-0.004274905281084886,-0.0007580531572654024,-0.004255068781030667,0.03185344361117337,-0.002528785974140525,-0.00057601362789363,-0.007589256708935524,-0.0016458174301497443,0.001136662824737554,-0.00048010395401216165,0.0005989071355705604,0.00208955565041166,0.0005174035115790554,-0.021388523174104397,-0.002178803421107497,-0.004056576775778787,-0.002957203612063254,-0.0009925967832122625,-0.001458022822909694,-0.0011032230983832438,0.021134747672572698,0.002961884069312878,-0.006011732517362616,-0.0024269965167711895
0.004831516173133572,-0.001534954584875748,0.0029615176665413567,0.0028315665889290307,-0.0039061580293041666,-0.0013944897220862249,0.005903054163478203,0.0007042432102999723,0.00022034533781186335,-0.00014816572677381478,0.0032953857038390054,0.005883347967152109,-0.009915053359960818,0.015220713360311267,0.001869801653434743,0.0027621853461871895,0.009183186219232893,0.0052372075507467865,-0.0006736098534865973,-0.004462356114025659,0.0006851321933356036,0.0007195286435654221,-0.0017091366999524432,0.005106432299725773,-0.0026495883504128255,7.477457041105755e-05,-0.0010509056286754062,-0.005790906569281553,-0.00624116965322888,0.002648924234917852,-0.0010333076081849217,0.012567922784980028,0.0001522028107595081,-0.006443815062528936,-0.0031918968360452036,0.005613309273747293,-0.0035344229113778622,-0.002620285208224264,0.0014537916897049206,-0.0009261501458519845,0.0019599891225030638,0.007018155701041466,-0.009146405283646871,-0.019238005946370304,-0.006151180489827761,-0.002024890750446802,0.0007436991743741885,-0.0019121118038999121,0.0015643778427687008,-0.0013858350094545647,-0.001280910164359402,0.006600859309300625,0.015616818428528611,-0.0021079014396074803,-0.001024946964190596,-0.007822745903973137,-0.004682231500519423,0.0016668350460620133,0.0013853400222518053,-0.004274905281084886,-0.0007148212600481836,-0.004487758759970645,0.0316396935000735,-0.002241810337908203,-0.0010230680122913728,-0.007094584679672327,-0.001646251254649073,0.0009424505528761443,-0.0005884944433397364,0.0006171999804814453,0.0021683030320522067,0.0005615121413714458,-0.021369528568387558,-0.0021819944962009367,-0.004047881568372516,-0.0027703446866124714,-0.0010417911736899687,-0.0014021319417535192,-0.0011032230983832438,0.022389346774370496,0.003002145400223441,-0.006330642804029746,-0.002506078149424251
0.0011313588026988042,-0.001534954584875748,0.0029615176665413567,0.003221727956147932,-0.003092081666104859,-0.0007262795702697955,0.006555907998380548,0.0007042432102999723,0.00014830014546591896,-0.0001751586287667168,0.0035548881318124836,0.006123534003525123,-0.009584613786208184,0.015462208935580968,0.0018113477742353452,0.0027621853461871895,0.009249587468591537,0.005203395748513932,-0.0006736098534865973,-0.004360053666900951,0.0006851321933356036,0.0007908645899013684,-0.0017091366999524432,0.00530830709437491,-0.0024665908572619587,-5.1647282646291445e-05,-0.0008221875475388365,-0.00428903760836615,-0.00638437186164848,0.002445653791773704,-0.0010333076081849217,0.013022931516510291,0.0003179545231619381,-0.0062439093455033635,-0.0032348613902879533,0.005613309273747293,-0.0035344229113778622,-0.002620285208224264,0.0014537916897049206,-0.0009384882450241531,0.001929957844970787,0.006977502426144909,-0.00915625712535107,-0.01857701542917621,-0.006332494889856795,-0.002015164110854359,0.0007623186978272243,-0.0019025736728580218,0.0015643778427687008,-0.0011559874367971438,-0.005835912571478386,0.006615683336787889,0.0156774098766342,-0.002102597434303475,-0.001024946964190596,-0.007727671537977326,-0.004713414070794084,0.001678250571176168,0.0013243864141391603,-0.004274905281084886,-0.0007580531572654024,-0.004487758759970645,0.03180373574458685,-0.002039112553782097,-0.0010230680122913728,-0.007516371051859127,-0.0015965177102617888,0.0011281808328652348,-0.00037610570206298555,0.0005989071355705604,0.002056430885933485,0.0005174035115790554,-0.021473446730742956,-0.002178803421107497,-0.004047881568372516,-0.002957203612063254,-0.0010158508891731353,-0.001450524281218528,-0.0011032230983832438,0.022846796108353204,0.002961884069312878,-0.006018307547207026,-0.002506078149424251
0.003123650195161588,-0.001534954584875748,0.0029615176665413567,0.0028315665889290307,-0.00348382432808193,-0.000994310084402528,0.005903054163478203,0.0007042432102999723,0.00022034533781186335,-0.00014816572677381478,0.0032953857038390054,0.006091203726952948,-0.009488925002846267,0.015462208935580968,0.0018113477742353452,0.0027621853461871895,0.009183186219232893,0.005278909207486037,-0.0006736098534865973,-0.004457713612351103,0.0006851321933356036,0.0005999114186850393,-0.0017091366999524432,0.005220990656328707,-0.002704539231965816,4.533205364602566e-05,-0.0010509056286754062,-0.0046099250542535955,-0.006867961788847429,0.002420081819643448,-0.0010333076081849217,0.012850969900526999,0.0003179545231619381,-0.0064544729364496185,-0.0031918968360452036,0.00510012154251445,-0.0033550784463191115,-0.002620285208224264,0.0014537916897049206,-0.0009384882450241531,0.0020645801149314024,0.006981398721505159,-0.00915625712535107,-0.019051500402300504,-0.0060322597085622955,-0.002024890750446802,0.0007623186978272243,-0.0019121118038999121,0.0015643778427687008,-0.0013858350094545647,-0.005735824689435616,0.005270985783420079,0.015297993492601946,-0.0021079014396074803,-0.0008712679164735099,-0.007269046970694014,-0.005040710873923325,0.0014580295222409913,0.0013853400222518053,-0.004274905281084886,-0.0007148212600481836,-0.004487758759970645,0.03187924920355895,-0.002241810337908203,-0.0010035386694537596,-0.007286609892107971,-0.001646251254649073,0.0011484309032349558,-0.0007069479433896309,0.0005989071355705604,0.002056430885933485,0.0005174035115790554,-0.020848920775112804,-0.0025607387768739522,-0.004047881568372516,-0.0027922178996658085,-0.0010417911736899687,-0.0014323234155540156,-0.0011032230983832438,0.022389346774370496,0.002961884069312878,-0.006337881993526906,-0.002506078149424251
-0.006430892718359431,-0.0009612931717019672,0.003023730469331545,0.00320348989169138,-0.0028011007576124298,-0.0007262795702697955,0.006346542661615899,0.0007042432102999723,0.00014830014546591896,-9.14265713504489e-05,0.0035548881318124836,0.006249883307374424,-0.010864929647481987,0.015849295932561864,0.0018113477742353452,0.0033225300559101708,0.00895645002991292,0.005016965349483065,-0.0006736098534865973,-0.004360053666900951,0.0007511390777041815,0.0007908645899013684,-0.0012824587707162326,0.004745744183031511,-0.0024665908572619587,-6.001928996991176e-05,-0.0004128308223926379,-0.004034490872608009,-0.006374225179750992,0.002445653791773704,-0.0010333076081849217,0.014289283264235215,0.0023592387064007513,-0.005771633108227128,-0.0029572565368948893,0.005894721931968679,-0.0037541382487259914,-0.0026106925281770385,0.0014537916897049206,-0.0009384882450241531,0.0018626178077704744,0.007042235379529966,-0.008760271891732964,-0.018126361626871357,-0.006332494889856795,-0.0020775650110640667,0.0007424148979234245,-0.0017740452012045501,0.0015643778427687008,-0.0012009533313870984,-0.0062625258167391985,0.005322366403854915,0.015360875924919594,-0.002102597434303475,-0.0008712679164735099,-0.007727671537977326,-0.005172973399955991,0.0012964648963906525,0.0013243864141391603,-0.004274905281084886,-0.0007580531572654024,-0.004255068781030667,0.03185344361117337,-0.002528785974140525,-0.0005955429707312434,-0.007589256708935524,-0.0016458174301497443,0.001136662824737554,-0.00048010395401216165,0.0005989071355705604,0.00208955565041166,0.0005174035115790554,-0.021473446730742956,-0.002178803421107497,-0.004056576775778787,-0.002957203612063254,-0.0010175542412661394,-0.0014543910911003753,-0.0011032230983832438,0.021134747672572698,0.002961884069312878,-0.006011732517362616,-0.002454024871972919
0.003123650195161588,-0.001534954584875748,0.0029615176665413567,0.0028315665889290307,-0.00348382432808193,-0.000994310084402528,0.005903054163478203,0.0007042432102999723,0.00022034533781186335,-0.00014816572677381478,0.0032953857038390054,0.006176784143858664,-0.009488925002846267,0.015462208935580968,0.0018113477742353452,0.002759316728860741,0.009183186219232893,0.005278909207486037,-0.0006736098534865973,-0.004457713612351103,0.0007983442981848456,0.0007195286435654221,-0.0017091366999524432,0.005220990656328707,-0.002704539231965816,4.533205364602566e-05,-0.0010509056286754062,-0.004140737379183567,-0.006867961788847429,0.002420081819643448,-0.0010333076081849217,0.013262659950771267,0.0003179545231619381,-0.0064544729364496185,-0.0031918968360452036,0.00510012154251445,-0.0033550784463191115,-0.002620285208224264,0.0014537916897049206,-0.0009384882450241531,0.0020645801149314024,0.006981398721505159,-0.00915625712535107,-0.019051500402300504,-0.0060322597085622955,-0.002024890750446802,0.0007623186978272243,-0.0019121118038999121,0.0015643778427687008,-0.0013858350094545647,-0.005835912571478386,0.005270985783420079,0.015297993492601946,-0.0021079014396074803,-0.0008712679164735099,-0.007269046970694014,-0.004753876140029767,0.0014580295222409913,0.0013853400222518053,-0.004274905281084886,-0.0007148212600481836,-0.004487758759970645,0.03187924920355895,-0.002241810337908203,-0.0010230680122913728,-0.007286609892107971,-0.001646251254649073,0.0011484309032349558,-0.0007069479433896309,0.0005989071355705604,0.002056430885933485,0.0005174035115790554,-0.020848920775112804,-0.0025607387768739522,-0.004047881568372516,-0.0027922178996658085,-0.0010417911736899687,-0.0014323234155540156,-0.0011032230983832438,0.022389346774370496,0.002961884069312878,-0.006337881993526906,-0.002506078149424251
0.0025977211325849234,-0.0015089887108960098,0.0029615176665413567,0.0028315665889290307,-0.003092081666104859,-0.0007262795702697955,0.005974150271094181,0.0007042432102999723,0.00014830014546591896,-9.14265713504489e-05,0.0035548881318124836,0.006123534003525123,-0.009488925002846267,0.015462208935580968,0.0018113477742353452,0.002769350326000253,0.009228835358313286,0.005278909207486037,-0.0006736098534865973,-0.004360053666900951,0.0006851321933356036,0.0006712473650209856,-0.0017091366999524432,0.004732915874105815,-0.0024665908572619587,4.533205364602566e-05,-0.0004128308223926379,-0.00428903760836615,-0.00638437186164848,0.002445653791773704,-0.0010333076081849217,0.013022931516510291,0.0022935128824269242,-0.0062439093455033635,-0.0032348613902879533,0.005613309273747293,-0.003733508442918957,-0.002620285208224264,0.0014537916897049206,-0.0009384882450241531,0.002008856396261222,0.006977502426144909,-0.00915625712535107,-0.018915275486268927,-0.006332494889856795,-0.0020775650110640667,0.0007623186978272243,-0.0019025736728580218,0.0015643778427687008,-0.0013858350094545647,-0.005735824689435616,0.005267555704217864,0.01536474273480144,-0.002102597434303475,-0.0008712679164735099,-0.007727671537977326,-0.004713414070794084,0.0014580295222409913,0.0013243864141391603,-0.004274905281084886,-0.0007580531572654024,-0.004487758759970645,0.03176757154842996,-0.0025897206027443265,-0.00048253920108586983,-0.007550478497893568,-0.0015965177102617888,0.001136662824737554,-0.0006766647732109905,0.0005989071355705604,0.002056430885933485,0.0005174035115790554,-0.021388523174104397,-0.00238900652501952,-0.004056576775778787,-0.002957203612063254,-0.0010158508891731353,-0.0013870905639468748,-0.0011032230983832438,0.022846796108353204,0.002961884069312878,-0.006018307547207026,-0.002506078149424251
0.003123650195161588,-0.001534954584875748,0.0029615176665413567,0.0028315665889290307,-0.00348382432808193,-0.00139959461965484,0.005903054163478203,0.0007042432102999723,0.00022034533781186335,-0.00014816572677381478,0.0032953857038390054,0.006091203726952948,-0.009488925002846267,0.015462208935580968,0.0018113477742353452,0.0027621853461871895,0.009183186219232893,0.005278909207486037,-0.0006736098534865973,-0.004457713612351103,0.0006851321933356036,0.0007195286435654221,-0.0017091366999524432,0.005220990656328707,-0.002704539231965816,4.533205364602566e-05,-0.0010509056286754062,-0.0046099250542535955,-0.006867961788847429,0.002420081819643448,-0.0010333076081849217,0.012850969900526999,0.0003179545231619381,-0.0064544729364496185,-0.0031918968360452036,0.00510012154251445,-0.0033550784463191115,-0.002620285208224264,0.0014537916897049206,-0.0009384882450241531,0.0020645801149314024,0.006981398721505159,-0.00915625712535107,-0.019051500402300504,-0.0060322597085622955,-0.002024890750446802,0.0007623186978272243,-0.0019121118038999121,0.0015643778427687008,-0.0013858350094545647,-0.005835912571478386,0.005270985783420079,0.015297993492601946,-0.0021079014396074803,-0.0008712679164735099,-0.007269046970694014,-0.004595360186897022,0.0014580295222409913,0.0013853400222518053,-0.004274905281084886,-0.0007148212600481836,-0.004487758759970645,0.03187924920355895,-0.002241810337908203,-0.0010230680122913728,-0.007326676043881964,-0.001646251254649073,0.0011484309032349558,-0.0007069479433896309,0.0005989071355705604,0.002056430885933485,0.0005174035115790554,-0.020848920775112804,-0.0025607387768739522,-0.004047881568372516,-0.0027922178996658085,-0.0010417911736899687,-0.0014323234155540156,-0.0011032230983832438,0.022389346774370496,0.002961884069312878,-0.006337881993526906,-0.002506078149424251
0.004973999303309147,-0.001534954584875748,0.0029615176665413567,0.0028315665889290307,-0.00352225373493239,-0.0008821295077696812,0.005903054163478203,0.0007042432102999723,0.0001393889786600153,-0.00014816572677381478,0.0032953857038390054,0.006091203726952948,-0.010410069934152904,0.015608907829866188,0.0018113477742353452,0.0027621853461871895,0.009183186219232893,0.005278909207486037,-0.0006736098534865973,-0.004457713612351103,0.0006851321933356036,0.0005999114186850393,-0.0017091366999524432,0.0052954787854492145,-0.002704539231965816,4.533205364602566e-05,-0.0010509056286754062,-0.0046099250542535955,-0.00638437186164848,0.002420081819643448,-0.0010333076081849217,0.012770013541375152,0.0003179545231619381,-0.006451539014342764,-0.0031918968360452036,0.005613309273747293,-0.0033550784463191115,-0.002620285208224264,0.0014537916897049206,-0.0009384882450241531,0.001847854750494579,0.006981398721505159,-0.00915625712535107,-0.018915275486268927,-0.0060322597085622955,-0.002015164110854359,0.0007623186978272243,-0.0019121118038999121,0.0015643778427687008,-0.0013858350094545647,-0.006074080752743187,0.0052527316767306,0.01551649534001478,-0.0021079014396074803,-0.0008712679164735099,-0.007727671537977326,-0.005040710873923325,0.0014580295222409913,0.0013243864141391603,-0.004274905281084886,-0.0007148212600481836,-0.004487758759970645,0.03187924920355895,-0.002241810337908203,-0.0010035386694537596,-0.007286609892107971,-0.001646251254649073,0.0011484309032349558,-0.0007069479433896309,0.0005989071355705604,0.002056430885933485,0.0005174035115790554,-0.02134555861986165,-0.002552409421740086,-0.004047881568372516,-0.0027922178996658085,-0.0010417911736899687,-0.0014096304834446854,-0.0011032230983832438,0.022389346774370496,0.002961884069312878,-0.006337881993526906,-0.002506078149424251
0.002605887443472323,-0.001363096367904749,0.0029615176665413567,0.0028315665889290307,-0.003465692369355977,-0.0007211746727011807,0.005903054163478203,0.0007042432102999723,0.00014830014546591896,-0.00034701684573771577,0.0035548881318124836,0.0059156782437242835,-0.010211364174324297,0.015246920598954185,0.001869801653434743,0.0027621853461871895,0.009249587468591537,0.0052372075507467865,-0.0006736098534865973,-0.004364696168575507,0.0006851321933356036,0.0007908645899013684,-0.0017091366999524432,0.005116725890846431,-0.002411639975708968,7.477457041105755e-05,-0.0008221875475388365,-0.005470019123394108,-0.00624116965322888,0.0026744962070481084,-0.0010333076081849217,0.01273988440096332,0.0001522028107595081,-0.006233251471582681,-0.0032348613902879533,0.005613309273747293,-0.0035344229113778622,-0.002620285208224264,0.0014537916897049206,-0.0009261501458519845,0.0019435146445880402,0.007014259405681216,-0.009146405283646871,-0.019238005946370304,-0.006451415671122261,-0.002015164110854359,0.0007436991743741885,-0.0019025736728580218,0.0015643778427687008,-0.0013858350094545647,-0.001025212884085796,0.006615683336787889,0.015576743478444262,-0.002102597434303475,-0.001024946964190596,-0.007822745903973137,-0.004800285384416486,0.0016668350460620133,0.0013243864141391603,-0.004274905281084886,-0.0007580531572654024,-0.004487758759970645,0.0316396935000735,-0.002039112553782097,-0.0010230680122913728,-0.007318387133683933,-0.0015965177102617888,0.0009306824743787423,-0.0005884944433397364,0.0006171999804814453,0.0021683030320522067,0.0005615121413714458,-0.0214631531396223,-0.002010262244346505,-0.004047881568372516,-0.0029353303990099166,-0.0010158508891731353,-0.0013795920222557086,-0.0011032230983832438,0.022846796108353204,0.003002145400223441,-0.006011068357709866,-0.002506078149424251
-0.00643905902924683,-0.0009872590456817053,0.003023730469331545,0.002813328524472479,-0.0028011007576124298,-0.0007262795702697955,0.005261593550930111,0.0007042432102999723,0.00014830014546591896,-0.0001751586287667168,0.0035548881318124836,0.006249883307374424,-0.00939503188170823,0.015121410177567443,0.0018113477742353452,0.003315365076097107,0.008977202140191173,0.005016965349483065,-0.0006736098534865973,-0.004360053666900951,0.0007511390777041815,0.0006712473650209856,-0.0012824587707162326,0.0052954787854492145,-0.0024665908572619587,3.696004632240555e-05,-0.0008221875475388365,-0.004034490872608009,-0.006374225179750992,0.002445653791773704,-0.0010333076081849217,0.014289283264235215,0.00038368034713576497,-0.005771633108227128,-0.0029518508658545432,0.005894721931968679,-0.0033757082521261457,-0.0026106925281770385,0.0014537916897049206,-0.0009384882450241531,0.0018658223509562474,0.007042235379529966,-0.008760271891732964,-0.018126361626871357,-0.006332494889856795,-0.002776898572239733,0.0007424148979234245,-0.0017740452012045501,0.0015643778427687008,-0.0014308009040445197,-0.005824181871388857,0.005265936008720618,0.015472553580048584,-0.002102597434303475,-0.0008712679164735099,-0.007727671537977326,-0.005172973399955991,0.0012964648963906525,0.0013243864141391603,-0.004274905281084886,-0.0007580531572654024,-0.004255068781030667,0.03196512126630236,-0.0019781779251782953,-0.0010970130962615196,-0.007589256708935524,-0.0016458174301497443,0.001136662824737554,-0.00037795376807323565,0.0005989071355705604,0.00208955565041166,0.0005174035115790554,-0.021730713878137208,-0.00238900652501952,-0.004056576775778787,-0.002957203612063254,-0.0010175542412661394,-0.0014618896327915415,-0.0011032230983832438,0.021134747672572698,0.002961884069312878,-0.006011732517362616,-0.0024269965167711895
0.0029710584744846256,-0.0018894705060579953,0.0029615176665413567,0.0024005292801655745,-0.0031341591124680198,-0.0007843050152160413,0.005974150271094181,0.000497294269516445,0.00018194330570030982,-0.0010948804866323437,0.0035476889994192243,0.006123534003525123,-0.009120852941971626,0.014652437204149734,0.001528638178466354,0.002751968656179559,0.010129606653073378,0.004920401322935458,-0.0007666537450315568,-0.004360053666900951,0.0006851321933356036,0.000856949910358508,-0.0016946362904621498,0.004433540661451288,-0.002704539231965816,4.533205364602566e-05,-0.0005781927982826619,-0.004215215574340382,-0.0061679216451982636,0.002432833755193041,-0.0010084406324586549,0.01380750171335862,0.002377197959691428,-0.006258981555692939,-0.002954535949163981,0.005350710382085449,-0.003745419349259816,-0.0025080858444368782,0.0014537916897049206,-0.0009384882450241531,0.0020616988310755034,0.006726575784168005,-0.010078817702630206,-0.017541419765120136,-0.006111219294113925,-0.00208729165065651,0.0007153812087698724,-0.002068491284511553,0.0015643778427687008,-0.0013928509167301338,-0.004220592281268901,-0.00574849658133862,0.0077656291348583515,-0.002102597434303475,-0.0008712679164735099,-0.006921201125706699,-0.005072605670271272,0.001776384934581366,0.001673203939122297,-0.004269481655354244,-0.0010289409959844573,-0.00440549527813681,0.03466079203184056,-0.0025395952894611187,-0.0005587619396676309,-0.00744771043471112,-0.0016120648967728759,0.000758932050161799,-0.0005587785582639418,0.0005989071355705604,0.001812514424373545,0.0004357041651738266,-0.021080540521182155,-0.002431384246267035,-0.003820682389815351,-0.0031430223950515714,-0.0014695692875078398,-0.001617292692645244,-0.0009124759613963972,0.022818525330183977,0.003041816520762358,-0.006497515485779158,-0.003019789178152301
0.004302866092257645,-0.001534954584875748,0.0029615176665413567,0.0028315665889290307,-0.003092081666104859,-0.000994310084402528,0.005903054163478203,0.0007042432102999723,0.0001393889786600153,-0.00014816572677381478,0.0032953857038390054,0.006123534003525123,-0.009488925002846267,0.015462208935580968,0.0018113477742353452,0.0027621853461871895,0.009183186219232893,0.005278909207486037,-0.0006736098534865973,-0.004457713612351103,0.0006851321933356036,0.0007195286435654221,-0.0018444562490893663,0.005280113651864842,-0.002704539231965816,4.533205364602566e-05,-0.0010509056286754062,-0.0046099250542535955,-0.00638437186164848,0.002420081819643448,-0.0010333076081849217,0.012770013541375152,0.0003179545231619381,-0.006451539014342764,-0.0032348613902879533,0.005513819093952092,-0.0033550784463191115,-0.002620285208224264,0.0014537916897049206,-0.0009384882450241531,0.001929957844970787,0.006981398721505159,-0.00915625712535107,-0.01890197868106667,-0.0060322597085622955,-0.002024890750446802,0.0007623186978272243,-0.0021998462690309946,0.0015643778427687008,-0.0013858350094545647,-0.005835912571478386,0.005298766796977015,0.016491021117366642,-0.0021079014396074803,-0.0008712679164735099,-0.007727671537977326,-0.0050992245049396425,0.0014580295222409913,0.0013853400222518053,-0.004274905281084886,-0.0007580531572654024,-0.004487758759970645,0.03187924920355895,-0.002039112553782097,-0.0010702606466550598,-0.0073840376694184065,-0.001646251254649073,0.0011484309032349558,-0.0007069479433896309,0.0005989071355705604,0.002056430885933485,0.0005174035115790554,-0.02132756956599175,-0.002552409421740086,-0.004047881568372516,-0.0027922178996658085,-0.0010158508891731353,-0.0014096304834446854,-0.0011032230983832438,0.022908278805719325,0.0030530210025550746,-0.006018307547207026,-0.0025116662764879416
0.004302866092257645,-0.0015089887108960098,0.0029615176665413567,0.0028315665889290307,-0.003092081666104859,-0.00139959461965484,0.005903054163478203,0.0007042432102999723,0.0001393889786600153,-6.443366935754686e-05,0.0032953857038390054,0.006123534003525123,-0.009488925002846267,0.015462208935580968,0.0018113477742353452,0.002769350326000253,0.009162434108954644,0.005278909207486037,-0.0006736098534865973,-0.004457713612351103,0.0006851321933356036,0.0005999114186850393,-0.0017091366999524432,0.004732915874105815,-0.002704539231965816,4.533205364602566e-05,-0.0006415489035292075,-0.0046099250542535955,-0.00638437186164848,0.002420081819643448,-0.0010333076081849217,0.012770013541375152,0.0022935128824269242,-0.006451539014342764,-0.0032348613902879533,0.005613309273747293,-0.003733508442918957,-0.002620285208224264,0.0014537916897049206,-0.0009384882450241531,0.002008856396261222,0.006981398721505159,-0.00915625712535107,-0.018915275486268927,-0.0060322597085622955,-0.002024890750446802,0.0007623186978272243,-0.0019121118038999121,0.0015643778427687008,-0.0013858350094545647,-0.005735824689435616,0.005267555704217864,0.01540481768488579,-0.0021079014396074803,-0.0008712679164735099,-0.007727671537977326,-0.004653873817913338,0.0014580295222409913,0.0013853400222518053,-0.004274905281084886,-0.0007580531572654024,-0.004487758759970645,0.03176757154842996,-0.0025897206027443265,-0.00048253920108586983,-0.007424103821192399,-0.001646251254649073,0.0011484309032349558,-0.0006766647732109905,0.0005989071355705604,0.002056430885933485,0.0005174035115790554,-0.02132756956599175,-0.002552409421740086,-0.004047881568372516,-0.0027922178996658085,-0.0010158508891731353,-0.0014096304834446854,-0.0011032230983832438,0.022908278805719325,0.002961884069312878,-0.006018307547207026,-0.002506078149424251
0.0031226753218339997,-0.0015543540450646818,0.0029615176665413567,0.0027924688445681283,-0.00348382432808193,-0.00139959461965484,0.005903054163478203,0.0004900714171808107,0.00022034533781186335,-0.00021519043139250451,0.0032953857038390054,0.006091203726952948,-0.009488925002846267,0.01585295853685689,0.0018113477742353452,0.0027621853461871895,0.009183186219232893,0.005278909207486037,-0.0006736098534865973,-0.004457713612351103,0.0006851321933356036,0.0005999114186850393,-0.0018444562490893663,0.004903216438810009,-0.002704539231965816,4.533205364602566e-05,-0.0010509056286754062,-0.004602815942107295,-0.006867961788847429,0.002420081819643448,-0.0010333076081849217,0.012850969900526999,0.0003179545231619381,-0.0064544729364496185,-0.0031918968360452036,0.004931709056954838,-0.0033550784463191115,-0.002620285208224264,0.0014537916897049206,-0.0009384882450241531,0.0020645801149314024,0.006981398721505159,-0.00915625712535107,-0.01903820359709825,-0.0060322597085622955,-0.002024890750446802,0.0007623186978272243,-0.0019121118038999121,0.0015643778427687008,-0.0013878160080298117,-0.005446980129055072,0.004239894926923205,0.015932004043395356,-0.0021079014396074803,-0.0008712679164735099,-0.00714935999816064,-0.004595360186897022,0.001776384934581366,0.0013853400222518053,-0.004274905281084886,-0.0007148212600481836,-0.004487758759970645,0.03188635831570526,-0.002191685024624995,-0.0010035386694537596,-0.007321448919293936,-0.001646251254649073,0.0011484309032349558,-0.0007069479433896309,0.0005989071355705604,0.002056430885933485,0.0005174035115790554,-0.020848920775112804,-0.0025607387768739522,-0.004047881568372516,-0.0027922178996658085,-0.0010346820615436678,-0.0014323234155540156,-0.0011032230983832438,0.02249512289048496,0.0030530210025550746,-0.006337881993526906,-0.002506078149424251
-0.006435336785632404,-0.000980692631890901,0.003023730469331545,0.002657979084628188,-0.0028011007576124298,-0.0007262795702697955,0.005247119676273866,0.0004900714171808107,0.00016117865495180063,-0.001057363424938003,0.0036966528481575086,0.006260166100712416,-0.009853392027541335,0.015985739147697818,0.00189319604472656,0.0033225300559101708,0.009188419938781877,0.004983542868096384,-0.0006736098534865973,-0.00494451841067954,0.0010593691122500056,0.0006712473650209856,-0.0014177783198531556,0.004415141656587119,-0.0024665908572619587,3.696004632240555e-05,-0.0004128308223926379,-0.004040040821332137,-0.006682046425223282,0.002445653791773704,-0.0010333076081849217,0.01425933430250558,0.0023592387064007513,-0.006658915168753668,-0.0029518508658545432,0.005713159892411858,-0.0037254298462671923,-0.002498493164389653,0.0014537916897049206,-0.0009384882450241531,0.0013526217919865781,0.007465929122235525,-0.008760271891732964,-0.017658162125099464,-0.0072284607987593424,-0.0002550428952523283,0.0007499166454896188,-0.0018083145480410293,-0.0005216199300069139,-0.0014320155309081747,-0.00573654987150421,0.004239542269165757,0.015994886475713,-0.0015910113190659811,-0.0008712679164735099,-0.007603660504083468,-0.005172973399955991,0.0016227440994725168,0.0016567918125239601,-0.004274905281084886,-0.0010289409959844573,-0.004255068781030667,0.0318571658547878,-0.0024786606608573174,-0.000627008613819905,-0.007584029584347496,-0.0017135679753438984,0.001136662824737554,-0.000441261493372283,0.0005989071355705604,0.00208955565041166,0.00031696778173156097,-0.022142635148476846,-0.00238900652501952,-0.004056576775778787,-0.002957203612063254,-0.0010138319976517125,-0.0014618896327915415,-0.001100473550520914,0.021985189391726206,0.0030530210025550746,-0.006285845052478615,-0.0025237415279879263
0.0025977211325849234,-0.001534954584875748,0.0029615176665413567,0.003221727956147932,-0.003092081666104859,-0.0008384601469026419,0.007059099381779971,0.0007042432102999723,0.00014830014546591896,-0.0001751586287667168,0.0035548881318124836,0.006123534003525123,-0.009488925002846267,0.015462208935580968,0.0018113477742353452,0.0027621853461871895,0.009249587468591537,0.005278909207486037,-0.0006736098534865973,-0.004360053666900951,0.0006851321933356036,0.0006712473650209856,-0.0018444562490893663,0.005280113651864842,-0.0024665908572619587,-5.1647282646291445e-05,-0.0008221875475388365,-0.00428903760836615,-0.00638437186164848,0.002445653791773704,-0.0010333076081849217,0.013022931516510291,0.0003179545231619381,-0.0062439093455033635,-0.0032348613902879533,0.005513819093952092,-0.0033550784463191115,-0.002620285208224264,0.0014537916897049206,-0.0009384882450241531,0.001929957844970787,0.006977502426144909,-0.00915625712535107,-0.01890197868106667,-0.006332494889856795,-0.00208729165065651,0.0007623186978272243,-0.0019025736728580218,0.0015643778427687008,-0.0011559874367971438,-0.005735824689435616,0.005298766796977015,0.016110430940723834,-0.002102597434303475,-0.0008712679164735099,-0.007727671537977326,-0.004713414070794084,0.0014580295222409913,0.0013853400222518053,-0.004274905281084886,-0.0007580531572654024,-0.004487758759970645,0.03187924920355895,-0.002039112553782097,-0.0010035386694537596,-0.007550478497893568,-0.0015965177102617888,0.001136662824737554,-0.0007069479433896309,0.0005989071355705604,0.002056430885933485,0.0005174035115790554,-0.02132756956599175,-0.002178803421107497,-0.004056576775778787,-0.002957203612063254,-0.0010158508891731353,-0.0013870905639468748,-0.0011032230983832438,0.022846796108353204,0.0030530210025550746,-0.006018307547207026,-0.002506078149424251
0.004973999303309147,-0.001534954584875748,0.0029615176665413567,0.0028315665889290307,-0.00352225373493239,-0.000994310084402528,0.005903054163478203,0.0007042432102999723,0.0001393889786600153,-0.00014816572677381478,0.0032953857038390054,0.006091203726952948,-0.009488925002846267,0.015462208935580968,0.0018113477742353452,0.0027621853461871895,0.009183186219232893,0.005278909207486037,-0.0006736098534865973,-0.004457713612351103,0.0006851321933356036,0.0005999114186850393,-0.0018444562490893663,0.005280113651864842,-0.002704539231965816,4.533205364602566e-05,-0.0010509056286754062,-0.0046099250542535955,-0.00638437186164848,0.002420081819643448,-0.0010333076081849217,0.012770013541375152,0.0003179545231619381,-0.006451539014342764,-0.0031918968360452036,0.005513819093952092,-0.0033550784463191115,-0.002620285208224264,0.0014537916897049206,-0.0009384882450241531,0.001929957844970787,0.006981398721505159,-0.00915625712535107,-0.01890197868106667,-0.0060322597085622955,-0.002024890750446802,0.0007623186978272243,-0.0019121118038999121,0.0015643778427687008,-0.0013858350094545647,-0.005735824689435616,0.00528394276948975,0.016150505890808183,-0.0021079014396074803,-0.0008712679164735099,-0.007727671537977326,-0.005040710873923325,0.0014580295222409913,0.0013853400222518053,-0.004274905281084886,-0.0007148212600481836,-0.004487758759970645,0.03187924920355895,-0.002241810337908203,-0.0010035386694537596,-0.007286609892107971,-0.001646251254649073,0.0011484309032349558,-0.0007069479433896309,0.0005989071355705604,0.002056430885933485,0.0005174035115790554,-0.021284605011749003,-0.002552409421740086,-0.004047881568372516,-0.0027922178996658085,-0.0010417911736899687,-0.0014096304834446854,-0.0011032230983832438,0.022389346774370496,0.0030530210025550746,-0.006337881993526906,-0.002506078149424251
0.004302866092257645,-0.001534954584875748,0.0029615176665413567,0.003221727956147932,-0.003092081666104859,-0.000994310084402528,0.006988003274163992,0.0007042432102999723,0.0001393889786600153,-6.443366935754686e-05,0.0032953857038390054,0.006123534003525123,-0.009488925002846267,0.015462208935580968,0.0018113477742353452,0.0027621853461871895,0.009183186219232893,0.005278909207486037,-0.0006736098534865973,-0.004457713612351103,0.0006851321933356036,0.0007195286435654221,-0.0017091366999524432,0.0052954787854492145,-0.002704539231965816,-5.1647282646291445e-05,-0.0006415489035292075,-0.0046099250542535955,-0.00638437186164848,0.002420081819643448,-0.0010333076081849217,0.012770013541375152,0.002161009129374439,-0.006451539014342764,-0.0032348613902879533,0.005613309273747293,-0.0033550784463191115,-0.002620285208224264,0.0014537916897049206,-0.0009384882450241531,0.001929957844970787,0.006981398721505159,-0.00915625712535107,-0.018915275486268927,-0.0060322597085622955,-0.002024890750446802,0.0007623186978272243,-0.0021998462690309946,0.0015643778427687008,-0.0011559874367971438,-0.005835912571478386,0.005267555704217864,0.015857010566573234,-0.0021079014396074803,-0.0008712679164735099,-0.007727671537977326,-0.0050992245049396425,0.0014580295222409913,0.0013853400222518053,-0.004274905281084886,-0.0007580531572654024,-0.004487758759970645,0.03187924920355895,-0.002039112553782097,-0.0005492611782871702,-0.0073840376694184065,-0.001646251254649073,0.0011484309032349558,-0.0007069479433896309,0.0005989071355705604,0.002056430885933485,0.0005174035115790554,-0.02132756956599175,-0.002342206317828063,-0.004047881568372516,-0.0027922178996658085,-0.0010158508891731353,-0.0014096304834446854,-0.0011032230983832438,0.022908278805719325,0.002961884069312878,-0.006018307547207026,-0.0025116662764879416
0.004712938488005583,-0.001534954584875748,0.0029615176665413567,0.0028315665889290307,-0.00352225373493239,-0.000994310084402528,0.005903054163478203,0.0007042432102999723,0.0001393889786600153,-0.00014816572677381478,0.0032953857038390054,0.006091203726952948,-0.009488925002846267,0.015462208935580968,0.0018113477742353452,0.0027621853461871895,0.009183186219232893,0.005278909207486037,-0.0006736098534865973,-0.004457713612351103,0.0006851321933356036,0.0007195286435654221,-0.0017091366999524432,0.0052954787854492145,-0.002704539231965816,4.533205364602566e-05,-0.0010509056286754062,-0.0046099250542535955,-0.00638437186164848,0.002420081819643448,-0.0010333076081849217,0.012770013541375152,0.0003179545231619381,-0.006451539014342764,-0.0031918968360452036,0.005613309273747293,-0.0033550784463191115,-0.002620285208224264,0.0014537916897049206,-0.0009384882450241531,0.001929957844970787,0.006981398721505159,-0.00915625712535107,-0.018915275486268927,-0.0060322597085622955,-0.002024890750446802,0.0007623186978272243,-0.0019121118038999121,0.0015643778427687008,-0.0013858350094545647,-0.005835912571478386,0.0052527316767306,0.01551649534001478,-0.0021079014396074803,-0.0008712679164735099,-0.007727671537977326,-0.0050992245049396425,0.0014580295222409913,0.0013853400222518053,-0.004274905281084886,-0.0007148212600481836,-0.004487758759970645,0.03187924920355895,-0.002241810337908203,-0.0010230680122913728,-0.007286609892107971,-0.001646251254649073,0.0011484309032349558,-0.0007069479433896309,0.0005989071355705604,0.002056430885933485,0.0005174035115790554,-0.021284605011749003,-0.002552409421740086,-0.004047881568372516,-0.0027922178996658085,-0.0010417911736899687,-0.0014096304834446854,-0.0011032230983832438,0.022389346774370496,0.002961884069312878,-0.006018307547207026,-0.002506078149424251
0.0031049157172434363,-0.002076737504208389,0.0029615176665413567,0.0029756267325833563,-0.0038726963990380245,-0.0013944897220862249,0.005903054163478203,0.000700344150334021,0.00022034533781186335,-0.00014816572677381478,0.0032953857038390054,0.005781347025238114,-0.00952484239426629,0.015220713360311267,0.001869801653434743,0.0027621853461871895,0.009199496732357813,0.0052372075507467865,-0.0006657691839917926,-0.004462356114025659,0.0006851321933356036,0.0007195286435654221,-0.0017333374412347538,0.00503447313240741,-0.0026495883504128255,7.477457041105755e-05,-0.0010509056286754062,-0.005629949770176119,-0.006724759580427829,0.0026385025578295083,-0.0010333076081849217,0.0122939614414309,0.0001522028107595081,-0.006443815062528936,-0.0031918968360452036,0.005080686285742237,-0.0035344229113778622,-0.002620285208224264,0.001439465410481025,-0.0009261501458519845,0.0020946113924636793,0.007018155701041466,-0.009146405283646871,-0.01939015928891033,-0.006168706943553065,-0.002024890750446802,0.0007436991743741885,-0.0018639367786480484,0.0015643778427687008,-0.0013858350094545647,9.45335082160044e-05,0.012600786952773117,0.014513145874614735,-0.0021079014396074803,-0.001024946964190596,-0.007588218172668967,-0.004682231500519423,0.0016668350460620133,0.0013700786545468285,-0.003678911014833785,-0.0006887460937396413,-0.004487758759970645,0.03047911422896696,-0.002241810337908203,-0.0010230680122913728,-0.006722899567804447,-0.001646251254649073,0.0009424505528761443,-0.0005884944433397364,0.0005639677262922533,0.0021683030320522067,0.0005615121413714458,-0.0208573616619103,-0.0021115220527836193,-0.004047881568372516,-0.0025088211967170975,-0.0010417911736899687,-0.0014097704532490762,-0.0011474277200526541,0.021518362211882185,0.0030216105621221514,-0.0062911737777716515,-0.002506078149424251
0.0011313588026988042,-0.001534954584875748,0.0029615176665413567,0.0028315665889290307,-0.003092081666104859,-0.0007262795702697955,0.005542054995310738,0.0007042432102999723,0.00014830014546591896,-0.0001751586287667168,0.0035548881318124836,0.006123534003525123,-0.009584613786208184,0.015462208935580968,0.0018113477742353452,0.0027621853461871895,0.009249587468591537,0.005278909207486037,-0.0006736098534865973,-0.004360053666900951,0.0006851321933356036,0.0007908645899013684,-0.0017091366999524432,0.00530830709437491,-0.0024665908572619587,4.533205364602566e-05,-0.0008221875475388365,-0.00428903760836615,-0.00638437186164848,0.002445653791773704,-0.0010333076081849217,0.013022931516510291,0.0003179545231619381,-0.0062439093455033635,-0.0032348613902879533,0.005613309273747293,-0.0033550784463191115,-0.002620285208224264,0.0014537916897049206,-0.0009384882450241531,0.001929957844970787,0.006977502426144909,-0.00915625712535107,-0.01842186004803176,-0.006332494889856795,-0.0020775650110640667,0.0007623186978272243,-0.0019025736728580218,0.0015643778427687008,-0.0013858350094545647,-0.005835912571478386,0.005323986099352161,0.015476420389930431,-0.002102597434303475,-0.0008712679164735099,-0.007727671537977326,-0.004713414070794084,0.0014580295222409913,0.0013243864141391603,-0.004274905281084886,-0.0007580531572654024,-0.004487758759970645,0.03187924920355895,-0.002039112553782097,-0.0010230680122913728,-0.007516371051859127,-0.0015965177102617888,0.001136662824737554,-0.0004945592021128801,0.0005989071355705604,0.002056430885933485,0.0005174035115790554,-0.021473446730742956,-0.00238900652501952,-0.004056576775778787,-0.002957203612063254,-0.0010158508891731353,-0.001450524281218528,-0.0011032230983832438,0.022846796108353204,0.002961884069312878,-0.006018307547207026,-0.002506078149424251
0.0030815571573360235,-0.0015089887108960098,0.0029615176665413567,0.0028315665889290307,-0.003092081666104859,-0.001243744682154954,0.005903054163478203,0.0007042432102999723,0.00014830014546591896,-9.14265713504489e-05,0.0035548881318124836,0.006123534003525123,-0.010410069934152904,0.015608907829866188,0.0018113477742353452,0.002769350326000253,0.009228835358313286,0.005278909207486037,-0.0006736098534865973,-0.004360053666900951,0.0006851321933356036,0.0006712473650209856,-0.0017091366999524432,0.004732915874105815,-0.002704539231965816,4.533205364602566e-05,-0.0006415489035292075,-0.00428903760836615,-0.00638437186164848,0.002445653791773704,-0.0010333076081849217,0.01299267911783684,0.0022935128824269242,-0.0062439093455033635,-0.0032348613902879533,0.005613309273747293,-0.003733508442918957,-0.002620285208224264,0.0014537916897049206,-0.0009384882450241531,0.0019267533017850137,0.006977502426144909,-0.00915625712535107,-0.018915275486268927,-0.006332494889856795,-0.002024890750446802,0.0007623186978272243,-0.0019025736728580218,0.0015643778427687008,-0.0013858350094545647,-0.006074080752743187,0.005267555704217864,0.01536474273480144,-0.002102597434303475,-0.0008712679164735099,-0.007727671537977326,-0.004653873817913338,0.0014580295222409913,0.0013853400222518053,-0.004274905281084886,-0.0007580531572654024,-0.004487758759970645,0.03176757154842996,-0.0025897206027443265,-0.00048253920108586983,-0.00756071873080973,-0.0015965177102617888,0.001136662824737554,-0.0006766647732109905,0.0005989071355705604,0.002056430885933485,0.0005174035115790554,-0.02132756956599175,-0.00238900652501952,-0.004047881568372516,-0.0027922178996658085,-0.0010158508891731353,-0.0013870905639468748,-0.0011032230983832438,0.022846796108353204,0.002961884069312878,-0.006018307547207026,-0.002506078149424251
0.003123650195161588,-0.0015089887108960098,0.0029615176665413567,0.0028315665889290307,-0.00348382432808193,-0.00139959461965484,0.005903054163478203,0.0007042432102999723,0.00022034533781186335,-6.443366935754686e-05,0.0032953857038390054,0.006091203726952948,-0.009488925002846267,0.015462208935580968,0.0018113477742353452,0.002769350326000253,0.009162434108954644,0.005278909207486037,-0.0006736098534865973,-0.004457713612351103,0.0006851321933356036,0.0005999114186850393,-0.0018444562490893663,0.004643062611400935,-0.002704539231965816,4.533205364602566e-05,-0.0006415489035292075,-0.0046099250542535955,-0.006867961788847429,0.002420081819643448,-0.0010333076081849217,0.012850969900526999,0.0022935128824269242,-0.0064544729364496185,-0.0031918968360452036,0.005000631362719249,-0.003733508442918957,-0.002620285208224264,0.0014537916897049206,-0.0009384882450241531,0.002143478666221837,0.006981398721505159,-0.00915625712535107,-0.01903820359709825,-0.0060322597085622955,-0.002024890750446802,0.0007623186978272243,-0.0019121118038999121,0.0015643778427687008,-0.0013858350094545647,-0.005735824689435616,0.00530219687617923,0.01582032638826637,-0.0021079014396074803,-0.0008712679164735099,-0.007269046970694014,-0.004595360186897022,0.0014580295222409913,0.0013853400222518053,-0.004274905281084886,-0.0007148212600481836,-0.004487758759970645,0.03176757154842996,-0.002792418386870433,-0.00048253920108586983,-0.007326676043881964,-0.001646251254649073,0.0011484309032349558,-0.0006766647732109905,0.0005989071355705604,0.002056430885933485,0.0005174035115790554,-0.020848920775112804,-0.0025607387768739522,-0.004047881568372516,-0.0027922178996658085,-0.0010417911736899687,-0.0014323234155540156,-0.0011032230983832438,0.022389346774370496,0.0030530210025550746,-0.006337881993526906,-0.002506078149424251
-0.005781309839175321,-0.001180919691422317,0.0030427018905586057,0.00320348989169138,-0.0050982106098525016,-0.000706235846656804,0.006346275298024119,0.00033200194398002225,0.0006345943370140992,2.3321114568458276e-05,0.0035548881318124836,0.006260166100712416,-0.010853951480722159,0.01554155923144367,0.0018670001763040137,0.0033225300559101708,0.008804735054352626,0.00500992644830256,-0.000693806866164813,-0.005481068405503425,0.0007511390777041815,0.0006986223862244034,-0.0014177783198531556,0.0052497206769689195,-0.002422337896327841,-0.0004035759815394925,-0.0004128308223926379,-0.004213401313496376,-0.00689090695506302,0.002552194716218,-0.0010333076081849217,0.0145276510810319,0.0023592387064007513,-0.006700509957612608,-0.0029518508658545432,0.005744157840851578,-0.004100455405691375,-0.0026106925281770385,0.0014342905559180728,-0.0009682652316563656,0.002479987086913634,0.009543481873526754,-0.008747592246899872,-0.017664158282051406,-0.00047895803708881285,0.00026593607104683506,0.0007424148979234245,-0.001976921348281392,0.0015643778427687008,-0.0012009533313870984,-0.006113796223428476,0.005385385075995418,0.015804442842849827,-0.0017481765597774559,-0.0009468319862904531,-0.007796707015051274,-0.005104747279098292,0.0013851105117136163,0.0017911645856067018,-0.004274905281084886,-0.001539432061045185,-0.004255068781030667,0.03135838547711643,-0.002528785974140525,-0.0006664163436708482,-0.007589256708935524,-0.0016458174301497443,0.0011760550913530506,-0.00034767059789459506,0.0006216534961528672,0.00208955565041166,0.0003510020736109054,-0.02213748670189593,-0.002178803421107497,-0.004038736306257645,-0.002957203612063254,-0.0010175542412661394,-0.0014142244650295214,-0.001100473550520914,0.02187346650148215,0.0024814751116978913,-0.006190449968791142,-0.0025237415279879263
0.003123650195161588,-0.001534954584875748,0.0029615176665413567,0.0028315665889290307,-0.0038677286224537066,-0.0009892051868339129,0.005903054163478203,0.0007042432102999723,0.00022034533781186335,-0.00014816572677381478,0.0032953857038390054,0.005883347967152109,-0.009915053359960818,0.015220713360311267,0.001869801653434743,0.0027621853461871895,0.009183186219232893,0.005312721009718893,-0.0006736098534865973,-0.004462356114025659,0.0006851321933356036,0.0007195286435654221,-0.0017091366999524432,0.00501911586167957,-0.0026495883504128255,7.477457041105755e-05,-0.0010509056286754062,-0.005790906569281553,-0.006724759580427829,0.002648924234917852,-0.0010333076081849217,0.012567922784980028,0.0001522028107595081,-0.006443815062528936,-0.0031918968360452036,0.00510012154251445,-0.0033550784463191115,-0.002620285208224264,0.0014537916897049206,-0.0009261501458519845,0.0020946113924636793,0.007018155701041466,-0.009146405283646871,-0.01921907548125743,-0.006151180489827761,-0.002024890750446802,0.0007436991743741885,-0.0019121118038999121,0.0015643778427687008,-0.0013858350094545647,-0.001280910164359402,0.005270985783420079,0.015197327094412004,-0.0021079014396074803,-0.0008712679164735099,-0.007364121336689824,-0.0051275821875457275,0.0014466139971268366,0.0013853400222518053,-0.004274905281084886,-0.0007148212600481836,-0.004487758759970645,0.0317152069590456,-0.002241810337908203,-0.0010230680122913728,-0.0070545185278983345,-0.001646251254649073,0.0009509325447484635,-0.0007069479433896309,0.0006171999804814453,0.0021683030320522067,0.0005615121413714458,-0.020848920775112804,-0.0021819944962009367,-0.004047881568372516,-0.0027703446866124714,-0.0010417911736899687,-0.0014323234155540156,-0.0011032230983832438,0.022389346774370496,0.003002145400223441,-0.006330642804029746,-0.002506078149424251
-0.006957841711768287,-0.0013728633708229767,0.003023730469331545,0.002876830128921649,-0.0031747114608635485,-0.0007211746727011807,0.005261593550930111,0.000700344150334021,0.00014830014546591896,-0.0010881554064251491,0.0035548881318124836,0.005940026605659592,-0.009727260087491732,0.01505221415165505,0.001869801653434743,0.003315365076097107,0.008514028227967008,0.004975263692743814,-0.0006657691839917926,-0.004364696168575507,0.0007511390777041815,0.0007908645899013684,-0.0013066595119985431,0.005116725890846431,-0.002411639975708968,6.640256308743756e-05,-0.0008221875475388365,-0.0050545155885305315,-0.006231022971331393,0.0026640745299597647,-0.0010333076081849217,0.014066513339262442,0.00021792863473333497,-0.0057609752343064455,-0.0029518508658545432,0.0059664121877703365,-0.0035550527171848965,-0.0026106925281770385,0.001439465410481025,-0.0009261501458519845,0.0018793791505735014,0.0073441018689823275,-0.008754705655818129,-0.01846115370359933,-0.0064689421248475655,-0.002776898572239733,0.0007237953744703887,-0.0017740452012045501,0.0015643778427687008,-0.0014308009040445197,-0.001113570066039037,0.012622637966879204,0.015576743478444262,-0.002102597434303475,-0.001024946964190596,-0.008018341369280238,-0.005259844713578393,0.0015052704202116731,0.0013243864141391603,-0.004274905281084886,-0.0007319779909568601,-0.004255068781030667,0.03060718362177021,-0.0019781779251782953,-0.001116542439099133,-0.007014880097211109,-0.0016458174301497443,0.0009306824743787423,-0.00025950026802334085,0.0005639677262922533,0.0022014277965303817,0.0005615121413714458,-0.021805343843655105,-0.0019397898009291868,-0.004056576775778787,-0.0026738069091145423,-0.0009925967832122625,-0.001430846988813963,-0.0011032230983832438,0.020188024312541082,0.003002145400223441,-0.005920381444464504,-0.0024269965167711895
0.0031226753218339997,-0.001534954584875748,0.0029615176665413567,0.0028315665889290307,-0.00348382432808193,-0.000994310084402528,0.005903054163478203,0.0007042432102999723,0.00022034533781186335,-0.00014816572677381478,0.0032953857038390054,0.006091203726952948,-0.009488925002846267,0.015462208935580968,0.0018113477742353452,0.0027621853461871895,0.009183186219232893,0.005278909207486037,-0.0006736098534865973,-0.004457713612351103,0.0006851321933356036,0.0005999114186850393,-0.0018444562490893663,0.005205625522744334,-0.002704539231965816,4.533205364602566e-05,-0.0010509056286754062,-0.004602815942107295,-0.006867961788847429,0.002420081819643448,-0.0010333076081849217,0.012850969900526999,0.0003179545231619381,-0.0064544729364496185,-0.0031918968360452036,0.005000631362719249,-0.0033550784463191115,-0.002620285208224264,0.0014537916897049206,-0.0009384882450241531,0.0020645801149314024,0.006981398721505159,-0.00915625712535107,-0.01903820359709825,-0.0060322597085622955,-0.002024890750446802,0.0007623186978272243,-0.0019121118038999121,0.0015643778427687008,-0.0013878160080298117,-0.005735824689435616,0.005283825411643163,0.015932004043395356,-0.0021079014396074803,-0.0008712679164735099,-0.007269046970694014,-0.005040710873923325,0.0014580295222409913,0.0013853400222518053,-0.004274905281084886,-0.0007148212600481836,-0.004487758759970645,0.03188635831570526,-0.002241810337908203,-0.0010035386694537596,-0.007286609892107971,-0.001646251254649073,0.0011484309032349558,-0.0007069479433896309,0.0005989071355705604,0.002056430885933485,0.0005174035115790554,-0.020848920775112804,-0.0025607387768739522,-0.004047881568372516,-0.0027922178996658085,-0.0010346820615436678,-0.0014323234155540156,-0.0011032230983832438,0.022389346774370496,0.0030530210025550746,-0.006337881993526906,-0.002506078149424251
0.004821243791566709,-0.0015283881710849436,0.0029615176665413567,0.0027924688445681283,-0.00352225373493239,-0.004263104486860339,0.005903054163478203,0.0001794429295855157,7.424135349955326e-05,-0.00013145837397623655,0.0032953857038390054,0.006091203726952948,-0.009614819006147204,0.01585295853685689,0.0018113477742353452,0.002769350326000253,0.008670370616891156,0.005278909207486037,-0.0006736098534865973,-0.004457713612351103,0.0006851321933356036,0.0005999114186850393,-0.0018444562490893663,0.004415141656587119,-0.0028060008692523102,4.533205364602566e-05,-0.0006415489035292075,-0.004602815942107295,-0.00638437186164848,0.002438012591272982,-0.0010333076081849217,0.012770013541375152,0.0022935128824269242,-0.006451539014342764,-0.0036590837107951034,0.005444896788187681,-0.003733508442918957,-0.002620285208224264,0.0014537916897049206,-0.0009384882450241531,0.002008856396261222,0.006981398721505159,-0.00918905972007317,-0.01853799098072338,-0.0060322597085622955,-0.002024890750446802,0.0007623186978272243,-0.0019121118038999121,0.0015643778427687008,-0.0013878160080298117,-0.005446980129055072,0.004221640820233725,0.016038828235679196,-0.0021557266302898144,-0.0008712679164735099,-0.007607984565443952,-0.004653873817913338,0.0018736844604523208,0.0014403620310553266,-0.004274905281084886,-0.0007148212600481836,-0.004487758759970645,0.03177468066057627,-0.0027422930735872247,-0.00048253920108586983,-0.007328579200193317,-0.001646251254649073,0.0011484309032349558,-0.0006766647732109905,0.0005989071355705604,0.002056430885933485,0.0005174035115790554,-0.021284605011749003,-0.002552409421740086,-0.004047881568372516,-0.0027922178996658085,-0.0010346820615436678,-0.0014096304834446854,-0.0011032230983832438,0.02249512289048496,0.0030530210025550746,-0.006018307547207026,-0.002506078149424251
0.004711963614677995,-0.0015543540450646818,0.0029615176665413567,0.0027908989858554125,-0.00352225373493239,-0.00139959461965484,0.005903054163478203,0.0004900714171808107,0.0001393889786600153,-0.00021519043139250451,0.0032953857038390054,0.006091203726952948,-0.009488925002846267,0.015891071217826708,0.0018113477742353452,0.0027621853461871895,0.009183186219232893,0.005278909207486037,-0.0006736098534865973,-0.004457713612351103,0.0006851321933356036,0.0005999114186850393,-0.0017978510685556141,0.004977704567930518,-0.002704539231965816,4.533205364602566e-05,-0.0010509056286754062,-0.004543618567700943,-0.00638437186164848,0.002420081819643448,-0.0010333076081849217,0.012770013541375152,0.0003179545231619381,-0.006451539014342764,-0.0031918968360452036,0.005483009469157505,-0.0033550784463191115,-0.002620285208224264,0.0014537916897049206,-0.0009384882450241531,0.001929957844970787,0.006981398721505159,-0.00915625712535107,-0.01890197868106667,-0.0060322597085622955,-0.002024890750446802,0.0007623186978272243,-0.0019121118038999121,0.0015643778427687008,-0.0013928509167301338,-0.005446980129055072,0.0037584805673786465,0.016150505890808183,-0.0021079014396074803,-0.0008712679164735099,-0.007607984565443952,-0.004627254983244967,0.001776384934581366,0.0013853400222518053,-0.004274905281084886,-0.0007148212600481836,-0.004487758759970645,0.03214747658442525,-0.002191685024624995,-0.0010035386694537596,-0.007321448919293936,-0.001646251254649073,0.0011484309032349558,-0.0007069479433896309,0.0005989071355705604,0.002056430885933485,0.0005174035115790554,-0.021284605011749003,-0.002552409421740086,-0.004047881568372516,-0.0027922178996658085,-0.0010346820615436678,-0.0014096304834446854,-0.0011032230983832438,0.02249512289048496,0.0030530210025550746,-0.006018307547207026,-0.002506078149424251
0.004721104798892982,-0.0015089887108960098,0.0029615176665413567,0.0028315665889290307,-0.00352225373493239,-0.0009892051868339129,0.005903054163478203,0.0007042432102999723,0.0001393889786600153,-6.443366935754686e-05,0.0032953857038390054,0.006091203726952948,-0.009488925002846267,0.015268486458864056,0.0018113477742353452,0.002769350326000253,0.009162434108954644,0.005278909207486037,-0.0006736098534865973,-0.004457713612351103,0.0006851321933356036,0.0007195286435654221,-0.0017091366999524432,0.004745744183031511,-0.002704539231965816,4.533205364602566e-05,-0.0006415489035292075,-0.0048036475309705135,-0.00638437186164848,0.002420081819643448,-0.0010333076081849217,0.012711788220574788,0.0022935128824269242,-0.006451539014342764,-0.0031918968360452036,0.005613309273747293,-0.003733508442918957,-0.002620285208224264,0.0014537916897049206,-0.0009384882450241531,0.002008856396261222,0.006981398721505159,-0.00915625712535107,-0.01897350080706929,-0.0060322597085622955,-0.002024890750446802,0.0007623186978272243,-0.0019121118038999121,0.0015643778427687008,-0.0013858350094545647,-0.005415263605012988,0.005309162071864897,0.01540481768488579,-0.0021079014396074803,-0.0008712679164735099,-0.007727671537977326,-0.0050992245049396425,0.0014580295222409913,0.0013853400222518053,-0.004274905281084886,-0.0007148212600481836,-0.004487758759970645,0.03176757154842996,-0.002792418386870433,-0.0005020685439234833,-0.007286609892107971,-0.001646251254649073,0.001161555029190726,-0.0006766647732109905,0.0005989071355705604,0.002056430885933485,0.0005174035115790554,-0.021369528568387558,-0.002552409421740086,-0.004047881568372516,-0.00277470081502875,-0.0010417911736899687,-0.0014021319417535192,-0.0011032230983832438,0.022389346774370496,0.003002145400223441,-0.006011068357709866,-0.002506078149424251
-0.006957841711768287,-0.0009987764772690685,0.003023730469331545,0.002813328524472479,-0.0028011007576124298,-0.0008384601469026419,0.005261593550930111,0.0007042432102999723,0.00014830014546591896,-0.0001751586287667168,0.0035548881318124836,0.006249883307374424,-0.010316176813014865,0.015414201382567057,0.0018113477742353452,0.003315365076097107,0.008981068950073022,0.00494145189051096,-0.0006736098534865973,-0.004360053666900951,0.0007511390777041815,0.0007908645899013684,-0.0012824587707162326,0.00530830709437491,-0.0024665908572619587,3.696004632240555e-05,-0.0008221875475388365,-0.004034490872608009,-0.006374225179750992,0.002445653791773704,-0.0010333076081849217,0.014289283264235215,0.00038368034713576497,-0.005771633108227128,-0.0029518508658545432,0.00598584744454255,-0.0035550527171848965,-0.0026106925281770385,0.0014537916897049206,-0.0009384882450241531,0.0017837192564800397,0.007307344889446021,-0.008764557497522328,-0.01827765019813396,-0.006332494889856795,-0.00208729165065651,0.0007424148979234245,-0.0017740452012045501,0.0015643778427687008,-0.0014308009040445197,-0.0062625258167391985,0.006614063641290643,0.0156774098766342,-0.002102597434303475,-0.001024946964190596,-0.007727671537977326,-0.005172973399955991,0.0015166859453258279,0.0013853400222518053,-0.004274905281084886,-0.0007580531572654024,-0.004255068781030667,0.03188960780733026,-0.0019781779251782953,-0.001116542439099133,-0.007589256708935524,-0.0016458174301497443,0.0011281808328652348,-0.00039193362414090765,0.0005989071355705604,0.00208955565041166,0.0005174035115790554,-0.02141249312263031,-0.00238900652501952,-0.004056576775778787,-0.002957203612063254,-0.0009925967832122625,-0.001450524281218528,-0.0011032230983832438,0.021134747672572698,0.002961884069312878,-0.006011732517362616,-0.0024269965167711895
0.005083279480197861,-0.001534954584875748,0.0029615176665413567,0.0028315665889290307,-0.00352225373493239,-0.00239058578240886,0.005903054163478203,0.0003936147227046773,7.424135349955326e-05,-0.00014816572677381478,0.0032953857038390054,0.006091203726952948,-0.009614819006147204,0.015462208935580968,0.0018113477742353452,0.0027621853461871895,0.009183186219232893,0.005278909207486037,-0.0006736098534865973,-0.004457713612351103,0.0006851321933356036,0.0007195286435654221,-0.0017091366999524432,0.0052954787854492145,-0.0028060008692523102,4.533205364602566e-05,-0.0010509056286754062,-0.0046099250542535955,-0.00638437186164848,0.002438012591272982,-0.0010333076081849217,0.012770013541375152,0.0003179545231619381,-0.006451539014342764,-0.0031918968360452036,0.005613309273747293,-0.0033550784463191115,-0.002620285208224264,0.0014537916897049206,-0.0009384882450241531,0.001929957844970787,0.006981398721505159,-0.00918905972007317,-0.018551287785925637,-0.0060322597085622955,-0.002024890750446802,0.0007623186978272243,-0.0019121118038999121,0.0015643778427687008,-0.0013858350094545647,-0.005835912571478386,0.0052527316767306,0.01551649534001478,-0.0021079014396074803,-0.0008712679164735099,-0.007727671537977326,-0.004595360186897022,0.0014580295222409913,0.0013853400222518053,-0.004274905281084886,-0.0007148212600481836,-0.004487758759970645,0.03187924920355895,-0.002241810337908203,-0.0010230680122913728,-0.007333806324781345,-0.001646251254649073,0.0011484309032349558,-0.0007069479433896309,0.0005989071355705604,0.002056430885933485,0.0005174035115790554,-0.021284605011749003,-0.002552409421740086,-0.004047881568372516,-0.0027922178996658085,-0.0010417911736899687,-0.0014096304834446854,-0.0011032230983832438,0.022389346774370496,0.002961884069312878,-0.006337881993526906,-0.002506078149424251
-0.0059450280835352115,-0.0009612931717019672,0.003023730469331545,0.003087238196207992,-0.0028011007576124298,-0.0007262795702697955,0.006346542661615899,0.0007042432102999723,0.00014830014546591896,-9.14265713504489e-05,0.0035548881318124836,0.006249883307374424,-0.010316176813014865,0.015741688440707124,0.001959976557631094,0.0033225300559101708,0.009552984337415823,0.005016965349483065,-0.0006736098534865973,-0.004360053666900951,0.0007511390777041815,0.0006712473650209856,-0.0014177783198531556,0.004717550740521443,-0.0024665908572619587,-6.001928996991176e-05,-0.0004128308223926379,-0.0040437630649465634,-0.006374225179750992,0.0023881307825700227,-0.0010333076081849217,0.01459117435559999,0.0023592387064007513,-0.005778371652701521,-0.0029518508658545432,0.005795231752173478,-0.0039152835655326765,-0.0026106925281770385,0.0014537916897049206,-0.0009384882450241531,0.00166012908712076,0.007042235379529966,-0.008760271891732964,-0.018113064821669102,-0.006332494889856795,-0.0014351798115407243,0.0007499166454896188,-0.0017740452012045501,0.0005809945089864187,-0.0012009533313870984,-0.006363650495192325,0.0052971471014797685,0.015540538069683925,-0.0015910113190659811,-0.0008712679164735099,-0.007727671537977326,-0.005172973399955991,0.0012964648963906525,0.0013243864141391603,-0.004274905281084886,-0.0007580531572654024,-0.004255068781030667,0.03185344361117337,-0.002528785974140525,-0.0004027400446036006,-0.007589256708935524,-0.0017135679753438984,0.001136662824737554,-0.000441261493372283,0.0005989071355705604,0.00208955565041166,0.0005174035115790554,-0.02164116176656576,-0.002178803421107497,-0.004038736306257645,-0.002957203612063254,-0.0010175542412661394,-0.0014618896327915415,-0.0011032230983832438,0.021268474686809608,0.0030530210025550746,-0.006011732517362616,-0.0024269965167711895
-0.006430892718359431,-0.0008112386375184401,0.003023730469331545,0.0028938870636776343,-0.0031899728285685247,-0.0007211746727011807,0.005261593550930111,0.0007063582440756573,0.00014830014546591896,-0.001346091914361657,0.0035548881318124836,0.005940026605659592,-0.010751864206087558,0.015380643228443028,0.001869801653434743,0.003315365076097107,0.008490709957420586,0.004975263692743814,-0.0006657691839917926,-0.004364696168575507,0.0007511390777041815,0.0007908645899013684,-0.0013066595119985431,0.005116725890846431,-0.002411639975708968,6.640256308743756e-05,-0.0008221875475388365,-0.0050545155885305315,-0.006231022971331393,0.0026640745299597647,-0.0010333076081849217,0.013732274805139113,0.00021792863473333497,-0.0057609752343064455,-0.0029572565368948893,0.005875286675196466,-0.0035550527171848965,-0.0026106925281770385,0.0014537916897049206,-0.0009261501458519845,0.0019229438046570516,0.0070789923590662725,-0.008750420050028764,-0.018465020513481176,-0.0064689421248475655,-0.0020775650110640667,0.0007237953744703887,-0.0016823055218691363,0.0015643778427687008,-0.0014308009040445197,0.0002927543798983455,0.010085231101665175,0.014687705962061372,-0.002102597434303475,-0.001024946964190596,-0.00804684273995228,-0.005259844713578393,0.0015052704202116731,0.0013091250464341835,-0.003678911014833785,-0.0007319779909568601,-0.004255068781030667,0.03056498629171037,-0.0019781779251782953,-0.001116542439099133,-0.007284709358952653,-0.0016458174301497443,0.0009306824743787423,-0.00039193362414090765,0.0006171999804814453,0.0022014277965303817,0.0005615121413714458,-0.0214631531396223,-0.002010262244346505,-0.004056576775778787,-0.0026781690450494423,-0.0010175542412661394,-0.0014543910911003753,-0.0011474277200526541,0.020805602456607248,0.0030216105621221514,-0.005978004119573329,-0.002454024871972919
0.0025977211325849234,-0.0015089887108960098,0.0029615176665413567,0.003221727956147932,-0.003465692369355977,-0.0007211746727011807,0.007059099381779971,0.0007042432102999723,0.00014830014546591896,-9.14265713504489e-05,0.0035548881318124836,0.0059156782437242835,-0.009915053359960818,0.015220713360311267,0.001869801653434743,0.002769350326000253,0.009228835358313286,0.005312721009718893,-0.0006736098534865973,-0.004364696168575507,0.0006851321933356036,0.0007908645899013684,-0.0017091366999524432,0.004541334670577337,-0.002411639975708968,-2.220476588125945e-05,-0.0004128308223926379,-0.005470019123394108,-0.00624116965322888,0.0026744962070481084,-0.0010333076081849217,0.01273988440096332,0.002127761170024494,-0.006233251471582681,-0.0032348613902879533,0.005613309273747293,-0.003733508442918957,-0.002620285208224264,0.0014537916897049206,-0.0009261501458519845,0.0020388876737934985,0.007014259405681216,-0.009146405283646871,-0.01908285056522585,-0.006451415671122261,-0.0020775650110640667,0.0007436991743741885,-0.0021903081379891043,0.0015643778427687008,-0.0011559874367971438,-0.0013117909377213784,0.005267555704217864,0.015604591563169958,-0.002102597434303475,-0.0008712679164735099,-0.007822745903973137,-0.004800285384416486,0.0014466139971268366,0.0013243864141391603,-0.004274905281084886,-0.0007580531572654024,-0.004487758759970645,0.03160352930391661,-0.0025897206027443265,-0.0005492611782871702,-0.007318387133683933,-0.0015965177102617888,0.0009391644662510615,-0.0006766647732109905,0.0006171999804814453,0.0021683030320522067,0.0005615121413714458,-0.02137822958298374,-0.0018000591404344812,-0.004056576775778787,-0.0029353303990099166,-0.0010158508891731353,-0.0013870905639468748,-0.0011032230983832438,0.022846796108353204,0.003002145400223441,-0.006011068357709866,-0.0025116662764879416
0.002605887443472323,-0.0015089887108960098,0.0029615176665413567,0.0028315665889290307,-0.003092081666104859,-0.0008384601469026419,0.005903054163478203,0.0007042432102999723,0.00014830014546591896,-9.14265713504489e-05,0.0035548881318124836,0.006123534003525123,-0.010410069934152904,0.015608907829866188,0.0018113477742353452,0.002769350326000253,0.009228835358313286,0.005278909207486037,-0.0006736098534865973,-0.004360053666900951,0.0006851321933356036,0.0007908645899013684,-0.0017091366999524432,0.004745744183031511,-0.0024665908572619587,4.533205364602566e-05,-0.0004128308223926379,-0.00428903760836615,-0.00638437186164848,0.002445653791773704,-0.0010333076081849217,0.013022931516510291,0.0022935128824269242,-0.0062439093455033635,-0.0032348613902879533,0.005613309273747293,-0.003733508442918957,-0.002620285208224264,0.0014537916897049206,-0.0009384882450241531,0.0019267533017850137,0.006977502426144909,-0.00915625712535107,-0.018915275486268927,-0.006332494889856795,-0.002024890750446802,0.0007623186978272243,-0.0019025736728580218,0.0015643778427687008,-0.0013858350094545647,-0.006174168634785957,0.005323986099352161,0.01536474273480144,-0.002102597434303475,-0.0008712679164735099,-0.007727671537977326,-0.004713414070794084,0.0014580295222409913,0.0013853400222518053,-0.004274905281084886,-0.0007580531572654024,-0.004487758759970645,0.03176757154842996,-0.0025897206027443265,-0.0005020685439234833,-0.007550478497893568,-0.0015965177102617888,0.001136662824737554,-0.0006766647732109905,0.0005989071355705604,0.002056430885933485,0.0005174035115790554,-0.02141249312263031,-0.00238900652501952,-0.004047881568372516,-0.002957203612063254,-0.0010158508891731353,-0.0013795920222557086,-0.0011032230983832438,0.022846796108353204,0.002961884069312878,-0.006018307547207026,-0.002506078149424251
0.0049730244299815585,-0.0015543540450646818,0.0029615176665413567,0.0028315665889290307,-0.00352225373493239,-0.00139959461965484,0.005903054163478203,0.0004900714171808107,0.0001393889786600153,-0.00014816572677381478,0.0032953857038390054,0.006091203726952948,-0.009488925002846267,0.01585295853685689,0.0018113477742353452,0.0027621853461871895,0.009183186219232893,0.005278909207486037,-0.0006736098534865973,-0.004457713612351103,0.0006851321933356036,0.0005999114186850393,-0.0018444562490893663,0.005280113651864842,-0.002704539231965816,4.533205364602566e-05,-0.0010509056286754062,-0.004602815942107295,-0.00638437186164848,0.002420081819643448,-0.0010333076081849217,0.012770013541375152,0.0003179545231619381,-0.006451539014342764,-0.0031918968360452036,0.005444896788187681,-0.0033550784463191115,-0.002620285208224264,0.0014537916897049206,-0.0009384882450241531,0.001929957844970787,0.006981398721505159,-0.00915625712535107,-0.01890197868106667,-0.0060322597085622955,-0.002024890750446802,0.0007623186978272243,-0.0019121118038999121,0.0015643778427687008,-0.0013878160080298117,-0.005735824689435616,0.004221640820233725,0.016150505890808183,-0.0021079014396074803,-0.0008712679164735099,-0.007727671537977326,-0.004595360186897022,0.001776384934581366,0.0013853400222518053,-0.004274905281084886,-0.0007148212600481836,-0.004487758759970645,0.03188635831570526,-0.002191685024624995,-0.0010035386694537596,-0.007321448919293936,-0.001646251254649073,0.0011484309032349558,-0.0007069479433896309,0.0005989071355705604,0.002056430885933485,0.0005174035115790554,-0.021284605011749003,-0.002552409421740086,-0.004047881568372516,-0.0027922178996658085,-0.0010346820615436678,-0.0014096304834446854,-0.0011032230983832438,0.02249512289048496,0.0030530210025550746,-0.006337881993526906,-0.002506078149424251
0.004301891218930057,-0.001534954584875748,0.0029615176665413567,0.0028315665889290307,-0.003092081666104859,-0.000994310084402528,0.005903054163478203,0.0007042432102999723,0.0001393889786600153,-0.00014816572677381478,0.0032953857038390054,0.006123534003525123,-0.009488925002846267,0.015462208935580968,0.0018113477742353452,0.0027621853461871895,0.009183186219232893,0.005278909207486037,-0.0006736098534865973,-0.004457713612351103,0.0006851321933356036,0.0005999114186850393,-0.0018444562490893663,0.005280113651864842,-0.002704539231965816,4.533205364602566e-05,-0.0010509056286754062,-0.004602815942107295,-0.00638437186164848,0.002420081819643448,-0.0010333076081849217,0.012770013541375152,0.0003179545231619381,-0.006451539014342764,-0.0032348613902879533,0.005513819093952092,-0.0033550784463191115,-0.002620285208224264,0.0014537916897049206,-0.0009384882450241531,0.001929957844970787,0.006981398721505159,-0.00915625712535107,-0.01890197868106667,-0.0060322597085622955,-0.002024890750446802,0.0007623186978272243,-0.0021998462690309946,0.0015643778427687008,-0.0013878160080298117,-0.005735824689435616,0.005280395332440947,0.016491021117366642,-0.0021079014396074803,-0.0008712679164735099,-0.007727671537977326,-0.0050992245049396425,0.0014580295222409913,0.0013853400222518053,-0.004274905281084886,-0.0007580531572654024,-0.004487758759970645,0.03188635831570526,-0.002039112553782097,-0.0010507313038174463,-0.0073840376694184065,-0.001646251254649073,0.0011484309032349558,-0.0007069479433896309,0.0005989071355705604,0.002056430885933485,0.0005174035115790554,-0.02132756956599175,-0.002552409421740086,-0.004047881568372516,-0.0027922178996658085,-0.0010087417770268344,-0.0014096304834446854,-0.0011032230983832438,0.022908278805719325,0.0030530210025550746,-0.006018307547207026,-0.0025116662764879416
0.004302866092257645,-0.001534954584875748,0.0029615176665413567,0.0028315665889290307,-0.003092081666104859,-0.0008821295077696812,0.005903054163478203,0.0007042432102999723,0.0001393889786600153,-0.00014816572677381478,0.0032953857038390054,0.006123534003525123,-0.009488925002846267,0.015462208935580968,0.0018113477742353452,0.0027621853461871895,0.009183186219232893,0.005278909207486037,-0.0006736098534865973,-0.004457713612351103,0.0006851321933356036,0.0007195286435654221,-0.0017091366999524432,0.0052954787854492145,-0.002704539231965816,4.533205364602566e-05,-0.0010509056286754062,-0.0046099250542535955,-0.00638437186164848,0.002420081819643448,-0.0010333076081849217,0.012770013541375152,0.0003179545231619381,-0.006451539014342764,-0.0032348613902879533,0.005613309273747293,-0.0033550784463191115,-0.002620285208224264,0.0014537916897049206,-0.0009384882450241531,0.001929957844970787,0.006981398721505159,-0.00915625712535107,-0.018915275486268927,-0.0060322597085622955,-0.002015164110854359,0.0007623186978272243,-0.0019121118038999121,0.0015643778427687008,-0.0013858350094545647,-0.005835912571478386,0.005267555704217864,0.01551649534001478,-0.0021079014396074803,-0.0008712679164735099,-0.007727671537977326,-0.0050992245049396425,0.0014580295222409913,0.0013243864141391603,-0.004274905281084886,-0.0007580531572654024,-0.004487758759970645,0.03187924920355895,-0.002039112553782097,-0.0010230680122913728,-0.0073840376694184065,-0.001646251254649073,0.0011484309032349558,-0.0007069479433896309,0.0005989071355705604,0.002056430885933485,0.0005174035115790554,-0.021388523174104397,-0.002552409421740086,-0.004047881568372516,-0.0027922178996658085,-0.0010158508891731353,-0.0014096304834446854,-0.0011032230983832438,0.022908278805719325,0.002961884069312878,-0.006018307547207026,-0.002506078149424251
0.004982165614196546,-0.002076737504208389,0.0031011524678302934,0.002888707057032772,-0.003911125805888485,-0.0009892051868339129,0.005903054163478203,8.237496814544578e-05,0.00014490041516721248,-0.0010470778757426793,0.00343715042018403,0.005569884025616431,-0.00952484239426629,0.015343469229576266,0.0018196032407363303,0.0027621853461871895,0.009301842868269095,0.005210823970540611,-0.0006657691839917926,-0.004462356114025659,0.0006851321933356036,0.0006912126428356282,-0.0017333374412347538,0.005116725890846431,-0.0026495883504128255,7.477457041105755e-05,-0.0010509056286754062,-0.005492218727272662,-0.00624116965322888,0.0023882350365589233,-0.0010570696716305703,0.012213005082279052,0.0001522028107595081,-0.006440881140422082,-0.0031918968360452036,0.005593874016975081,-0.0035344229113778622,-0.0025080858444368782,0.001439465410481025,-0.0009261501458519845,0.003000576507206316,0.007018155701041466,-0.009146405283646871,-0.018921320746084085,-0.006168706943553065,-0.002083277327152345,0.0007436991743741885,-0.0018639367786480484,0.0011449619561132867,-0.0013858350094545647,0.007647972256717663,0.012609433634889186,0.014655615328594529,-0.002104065318692949,-0.001024946964190596,-0.008609613302722842,-0.005076699146224319,0.0016668350460620133,0.0013700786545468285,-0.003678911014833785,-0.0009596339324586962,-0.004149955067064912,0.029672272443728293,-0.0023009525845504495,-0.0009843262224719968,-0.006682833416030454,-0.001646251254649073,0.0009424505528761443,-0.0005884944433397364,0.0005639677262922533,0.0021683030320522067,0.0005615121413714458,-0.021466902104268076,-0.0021031926976497525,-0.004047881568372516,-0.002291798616052361,-0.0002495249966621278,-0.0012894802779365524,-0.0011411489409489555,0.02159562693678295,0.0030216105621221514,-0.006333118878530273,-0.002506078149424251
-0.006950540783128296,-0.0009728106032893304,0.003023730469331545,0.002813328524472479,-0.0028011007576124298,-0.0007262795702697955,0.005261593550930111,0.0007042432102999723,0.00014830014546591896,-9.14265713504489e-05,0.0035548881318124836,0.006249883307374424,-0.00939503188170823,0.015267502488281837,0.0018113477742353452,0.0033225300559101708,0.00895645002991292,0.005016965349483065,-0.0006736098534865973,-0.004360053666900951,0.0007511390777041815,0.0007908645899013684,-0.0012824587707162326,0.004732915874105815,-0.0024665908572619587,3.696004632240555e-05,-0.0004128308223926379,-0.004034490872608009,-0.006374225179750992,0.002445653791773704,-0.0010333076081849217,0.014289283264235215,0.0023592387064007513,-0.005771633108227128,-0.0029518508658545432,0.00598584744454255,-0.0037541382487259914,-0.0026106925281770385,0.0014537916897049206,-0.0009384882450241531,0.0019447209022466821,0.007307344889446021,-0.008764557497522328,-0.018126361626871357,-0.006332494889856795,-0.002776898572239733,0.0007424148979234245,-0.0017740452012045501,0.0015643778427687008,-0.0014308009040445197,-0.005924269753431627,0.005265936008720618,0.015360875924919594,-0.002102597434303475,-0.0008712679164735099,-0.007727671537977326,-0.005172973399955991,0.0012964648963906525,0.0013243864141391603,-0.004274905281084886,-0.0007580531572654024,-0.004255068781030667,0.03185344361117337,-0.002528785974140525,-0.0005955429707312434,-0.007589256708935524,-0.0016458174301497443,0.001136662824737554,-0.00034767059789459506,0.0005989071355705604,0.00208955565041166,0.0005174035115790554,-0.021730713878137208,-0.00238900652501952,-0.004056576775778787,-0.002957203612063254,-0.0009925967832122625,-0.0014618896327915415,-0.0011032230983832438,0.021134747672572698,0.002961884069312878,-0.006011732517362616,-0.0024269965167711895
-0.0067317743326365965,-0.0009987764772690685,0.003023730469331545,0.002813328524472479,-0.0028011007576124298,-0.0008384601469026419,0.005261593550930111,0.0007042432102999723,0.00014830014546591896,-0.0001751586287667168,0.0035548881318124836,0.006249883307374424,-0.00939503188170823,0.015429741403113435,0.0018113477742353452,0.003315365076097107,0.008981068950073022,0.005016965349483065,-0.0006736098534865973,-0.004360053666900951,0.0007511390777041815,0.0006712473650209856,-0.0012824587707162326,0.0052954787854492145,-0.0024665908572619587,3.696004632240555e-05,-0.0008221875475388365,-0.004227537591970517,-0.006374225179750992,0.002445653791773704,-0.0010333076081849217,0.014289283264235215,0.00038368034713576497,-0.005771633108227128,-0.0029518508658545432,0.00598584744454255,-0.0033757082521261457,-0.0026106925281770385,0.0014537916897049206,-0.0009384882450241531,0.0018658223509562474,0.007307344889446021,-0.00879169311792992,-0.01812249481698951,-0.006332494889856795,-0.0027866252118321764,0.0007424148979234245,-0.0017740452012045501,0.0015643778427687008,-0.0013858350094545647,-0.005824181871388857,0.005267555704217864,0.015476420389930431,-0.002102597434303475,-0.0008712679164735099,-0.007727671537977326,-0.005172973399955991,0.0012964648963906525,0.0013853400222518053,-0.004274905281084886,-0.0007580531572654024,-0.004255068781030667,0.03177207454693985,-0.0019781779251782953,-0.0010970130962615196,-0.007589256708935524,-0.0016458174301497443,0.001136662824737554,-0.00037795376807323565,0.0005989071355705604,0.00208955565041166,0.0005174035115790554,-0.02166976027002456,-0.00238900652501952,-0.004056576775778787,-0.002957203612063254,-0.0010158508891731353,-0.001458022822909694,-0.0011032230983832438,0.021134747672572698,0.002961884069312878,-0.006018307547207026,-0.0024269965167711895
0.003123650195161588,-0.001534954584875748,0.0029615176665413567,0.0028315665889290307,-0.00348382432808193,-0.000994310084402528,0.005903054163478203,0.0007042432102999723,0.00022034533781186335,-0.00014816572677381478,0.0032953857038390054,0.006091203726952948,-0.009488925002846267,0.015462208935580968,0.0018113477742353452,0.0027621853461871895,0.009183186219232893,0.005278909207486037,-0.0006736098534865973,-0.004457713612351103,0.0006851321933356036,0.0007195286435654221,-0.0018444562490893663,0.005205625522744334,-0.002704539231965816,4.533205364602566e-05,-0.0010509056286754062,-0.0046099250542535955,-0.006867961788847429,0.002420081819643448,-0.0010333076081849217,0.012850969900526999,0.0003179545231619381,-0.0064544729364496185,-0.0031918968360452036,0.005000631362719249,-0.0033550784463191115,-0.002620285208224264,0.0014537916897049206,-0.0009384882450241531,0.0020645801149314024,0.006981398721505159,-0.00915625712535107,-0.01903820359709825,-0.0060322597085622955,-0.002024890750446802,0.0007623186978272243,-0.0019121118038999121,0.0015643778427687008,-0.0013858350094545647,-0.005835912571478386,0.00530219687617923,0.015932004043395356,-0.0021079014396074803,-0.0008712679164735099,-0.007269046970694014,-0.005040710873923325,0.0014580295222409913,0.0013853400222518053,-0.004274905281084886,-0.0007148212600481836,-0.004487758759970645,0.03187924920355895,-0.002241810337908203,-0.0010230680122913728,-0.007286609892107971,-0.001646251254649073,0.0011484309032349558,-0.0007069479433896309,0.0005989071355705604,0.002056430885933485,0.0005174035115790554,-0.020848920775112804,-0.0025607387768739522,-0.004047881568372516,-0.0027922178996658085,-0.0010417911736899687,-0.0014323234155540156,-0.0011032230983832438,0.022389346774370496,0.0030530210025550746,-0.006337881993526906,-0.002506078149424251
0.004721104798892982,-0.0013371304939250107,0.0029615176665413567,0.0028315665889290307,-0.00352225373493239,-0.00139959461965484,0.005903054163478203,0.0007042432102999723,0.0001393889786600153,-0.00023629188632854587,0.0032953857038390054,0.006091203726952948,-0.009488925002846267,0.015462208935580968,0.0018113477742353452,0.002769350326000253,0.009162434108954644,0.005278909207486037,-0.0006736098534865973,-0.004457713612351103,0.0006851321933356036,0.0007195286435654221,-0.0017091366999524432,0.004745744183031511,-0.002704539231965816,4.533205364602566e-05,-0.0006415489035292075,-0.0046099250542535955,-0.00638437186164848,0.002420081819643448,-0.0010333076081849217,0.012770013541375152,0.0022935128824269242,-0.006451539014342764,-0.0031918968360452036,0.005613309273747293,-0.003733508442918957,-0.002620285208224264,0.0014537916897049206,-0.0009384882450241531,0.002008856396261222,0.006981398721505159,-0.00915625712535107,-0.018915275486268927,-0.0060322597085622955,-0.002024890750446802,0.0007623186978272243,-0.0019121118038999121,0.0015643778427687008,-0.0013858350094545647,-0.005835912571478386,0.005309162071864897,0.01540481768488579,-0.0021079014396074803,-0.0008712679164735099,-0.007727671537977326,-0.004653873817913338,0.0014580295222409913,0.0013853400222518053,-0.004274905281084886,-0.0007148212600481836,-0.004487758759970645,0.03176757154842996,-0.002792418386870433,-0.0005020685439234833,-0.007326676043881964,-0.001646251254649073,0.0011484309032349558,-0.0006766647732109905,0.0005989071355705604,0.002056430885933485,0.0005174035115790554,-0.021369528568387558,-0.002552409421740086,-0.004047881568372516,-0.0027922178996658085,-0.0010417911736899687,-0.0014021319417535192,-0.0011032230983832438,0.022389346774370496,0.002961884069312878,-0.006018307547207026,-0.002506078149424251
0.003123650195161588,-0.001534954584875748,0.0029615176665413567,0.0028315665889290307,-0.00348382432808193,-0.00139959461965484,0.005903054163478203,0.0007042432102999723,0.00022034533781186335,-0.00014816572677381478,0.0032953857038390054,0.006091203726952948,-0.009488925002846267,0.015462208935580968,0.0018113477742353452,0.0027621853461871895,0.009183186219232893,0.005278909207486037,-0.0006736098534865973,-0.004457713612351103,0.0006851321933356036,0.0007195286435654221,-0.0018444562490893663,0.005205625522744334,-0.002704539231965816,4.533205364602566e-05,-0.0010509056286754062,-0.0046099250542535955,-0.006867961788847429,0.002420081819643448,-0.0010333076081849217,0.012850969900526999,0.0003179545231619381,-0.0064544729364496185,-0.0031918968360452036,0.005000631362719249,-0.0033550784463191115,-0.002620285208224264,0.0014537916897049206,-0.0009384882450241531,0.0020645801149314024,0.006981398721505159,-0.00915625712535107,-0.01903820359709825,-0.0060322597085622955,-0.002024890750446802,0.0007623186978272243,-0.0019121118038999121,0.0015643778427687008,-0.0013858350094545647,-0.005835912571478386,0.00530219687617923,0.015932004043395356,-0.0021079014396074803,-0.0008712679164735099,-0.007269046970694014,-0.004595360186897022,0.0014580295222409913,0.0013853400222518053,-0.004274905281084886,-0.0007148212600481836,-0.004487758759970645,0.03187924920355895,-0.002241810337908203,-0.0010230680122913728,-0.007326676043881964,-0.001646251254649073,0.0011484309032349558,-0.0007069479433896309,0.0005989071355705604,0.002056430885933485,0.0005174035115790554,-0.020848920775112804,-0.0025607387768739522,-0.004047881568372516,-0.0027922178996658085,-0.0010417911736899687,-0.0014323234155540156,-0.0011032230983832438,0.022389346774370496,0.0030530210025550746,-0.006337881993526906,-0.002506078149424251
-0.006957841711768287,-0.0009728106032893304,0.003023730469331545,0.002813328524472479,-0.0028011007576124298,-0.0008384601469026419,0.0051904974433141324,0.0007042432102999723,0.00014830014546591896,-9.14265713504489e-05,0.0035548881318124836,0.006249883307374424,-0.00939503188170823,0.015267502488281837,0.0018113477742353452,0.0033225300559101708,0.00896031683979477,0.005016965349483065,-0.0006736098534865973,-0.004360053666900951,0.0007511390777041815,0.0007908645899013684,-0.0012824587707162326,0.004745744183031511,-0.0024665908572619587,3.696004632240555e-05,-0.0004128308223926379,-0.004034490872608009,-0.006374225179750992,0.002445653791773704,-0.0010333076081849217,0.014289283264235215,0.0023592387064007513,-0.005771633108227128,-0.0029518508658545432,0.00598584744454255,-0.0037541382487259914,-0.0026106925281770385,0.0014537916897049206,-0.0009384882450241531,0.0019447209022466821,0.007307344889446021,-0.008764557497522328,-0.01812249481698951,-0.006332494889856795,-0.002024890750446802,0.0007424148979234245,-0.0017740452012045501,0.0015643778427687008,-0.0014308009040445197,-0.005924269753431627,0.005322366403854915,0.01536474273480144,-0.002102597434303475,-0.0008712679164735099,-0.007727671537977326,-0.005172973399955991,0.0012964648963906525,0.0013853400222518053,-0.004274905281084886,-0.0007580531572654024,-0.004255068781030667,0.03185344361117337,-0.002528785974140525,-0.0005955429707312434,-0.007589256708935524,-0.0016458174301497443,0.001136662824737554,-0.00048010395401216165,0.0005989071355705604,0.00208955565041166,0.0005174035115790554,-0.02141249312263031,-0.00238900652501952,-0.004047881568372516,-0.002957203612063254,-0.0009925967832122625,-0.001450524281218528,-0.0011032230983832438,0.021134747672572698,0.002961884069312878,-0.006011732517362616,-0.0024269965167711895
0.0030897234682234227,-0.0015307923936834814,0.0031011524678302934,0.002825205452583601,-0.0034809537370609537,-0.001238639784586339,0.005903054163478203,8.237496814544578e-05,0.00015381158197311614,-0.0001751586287667168,0.0035548881318124836,0.005602214302188605,-0.009915053359960818,0.015343469229576266,0.0018196032407363303,0.0027621853461871895,0.009232171046179575,0.0052372075507467865,-0.0006657691839917926,-0.004364696168575507,0.0006851321933356036,0.0007625485891715744,-0.0017333374412347538,0.005116725890846431,-0.0026495883504128255,7.477457041105755e-05,-0.0010509056286754062,-0.005171331281385217,-0.00624116965322888,0.0024138070086891796,-0.0010570696716305703,0.01243567065874074,0.0001522028107595081,-0.006233251471582681,-0.0032348613902879533,0.005593874016975081,-0.0035344229113778622,-0.002620285208224264,0.0014537916897049206,-0.0009261501458519845,0.003000576507206316,0.007014259405681216,-0.009146405283646871,-0.018921320746084085,-0.0064689421248475655,-0.002083277327152345,0.0007436991743741885,-0.001854398647606158,0.0011449619561132867,-0.0013858350094545647,0.007417780564334777,0.01008685079716242,0.014615540378510183,-0.002102597434303475,-0.001024946964190596,-0.008609613302722842,-0.004689862090214332,0.0016668350460620133,0.0013700786545468285,-0.003678911014833785,-0.0007319779909568601,-0.004149955067064912,0.029632681402633494,-0.002098254800424344,-0.0009843262224719968,-0.007256171380826859,-0.0015965177102617888,0.0009306824743787423,-0.0005884944433397364,0.0006171999804814453,0.0021683030320522067,0.0005615121413714458,-0.021402199531509652,-0.002010262244346505,-0.004047881568372516,-0.002291798616052361,-0.0002235847121452944,-0.0012866176508433069,-0.0011411489409489555,0.022135632488832456,0.0030216105621221514,-0.005892821609384338,-0.002506078149424251
0.00423992732214681,-0.001363096367904749,0.0029615176665413567,0.0028315665889290307,-0.003092081666104859,-0.00139959461965484,0.005903054163478203,0.0007042432102999723,0.0001393889786600153,-0.00032002394374481375,0.0032953857038390054,0.0062091144204308385,-0.009488925002846267,0.015462208935580968,0.0018113477742353452,0.002759316728860741,0.009183186219232893,0.005278909207486037,-0.0006736098534865973,-0.004457713612351103,0.0007983442981848456,0.0007195286435654221,-0.0017091366999524432,0.00530830709437491,-0.002704539231965816,4.533205364602566e-05,-0.0010509056286754062,-0.004140737379183567,-0.00638437186164848,0.002420081819643448,-0.0010333076081849217,0.013181703591619418,0.0003179545231619381,-0.006451539014342764,-0.0031918968360452036,0.005613309273747293,-0.0033550784463191115,-0.002620285208224264,0.0014537916897049206,-0.0009384882450241531,0.001929957844970787,0.006981398721505159,-0.00915625712535107,-0.018915275486268927,-0.0060322597085622955,-0.002024890750446802,0.0007623186978272243,-0.0019121118038999121,0.0015643778427687008,-0.0013858350094545647,-0.005835912571478386,0.005309162071864897,0.01551649534001478,-0.0021079014396074803,-0.0008712679164735099,-0.007727671537977326,-0.004367039084019781,0.0014580295222409913,0.0013853400222518053,-0.004274905281084886,-0.0007580531572654024,-0.004487758759970645,0.03187924920355895,-0.002039112553782097,-0.0010230680122913728,-0.007424103821192399,-0.001646251254649073,0.0011484309032349558,-0.0007069479433896309,0.0005989071355705604,0.002056430885933485,0.0005174035115790554,-0.021369528568387558,-0.002552409421740086,-0.004047881568372516,-0.0027922178996658085,-0.0010158508891731353,-0.0014021319417535192,-0.0011032230983832438,0.022908278805719325,0.002961884069312878,-0.006018307547207026,-0.002506078149424251
-0.0069660080226556865,-0.0009987764772690685,0.003023730469331545,0.00320348989169138,-0.0028011007576124298,-0.0007262795702697955,0.006346542661615899,0.0007042432102999723,0.00014830014546591896,-0.0001751586287667168,0.0035548881318124836,0.006249883307374424,-0.00939503188170823,0.015267502488281837,0.0018113477742353452,0.003315365076097107,0.008981068950073022,0.005016965349483065,-0.0006736098534865973,-0.004360053666900951,0.0007511390777041815,0.0007908645899013684,-0.0012824587707162326,0.0052954787854492145,-0.0024665908572619587,-6.001928996991176e-05,-0.0008221875475388365,-0.004034490872608009,-0.006374225179750992,0.002445653791773704,-0.0010333076081849217,0.014289283264235215,0.00038368034713576497,-0.005771633108227128,-0.0029518508658545432,0.00598584744454255,-0.0033757082521261457,-0.0026106925281770385,0.0014537916897049206,-0.0009384882450241531,0.0018658223509562474,0.007307344889446021,-0.008764557497522328,-0.01812249481698951,-0.006332494889856795,-0.0020775650110640667,0.0007424148979234245,-0.0017740452012045501,0.0015643778427687008,-0.0012009533313870984,-0.005924269753431627,0.005265936008720618,0.015476420389930431,-0.002102597434303475,-0.0008712679164735099,-0.007727671537977326,-0.005172973399955991,0.0012964648963906525,0.0013243864141391603,-0.004274905281084886,-0.0007580531572654024,-0.004255068781030667,0.03196512126630236,-0.0019781779251782953,-0.001116542439099133,-0.007589256708935524,-0.0016458174301497443,0.001136662824737554,-0.0005103871241908022,0.0005989071355705604,0.00208955565041166,0.0005174035115790554,-0.021388523174104397,-0.002178803421107497,-0.004056576775778787,-0.002957203612063254,-0.0009925967832122625,-0.001458022822909694,-0.0011032230983832438,0.021134747672572698,0.002961884069312878,-0.006011732517362616,-0.0024269965167711895
0.002944493884628144,-0.001534954584875748,0.0029615176665413567,0.0028315665889290307,-0.003092081666104859,-0.0017847804306930098,0.005974150271094181,0.0007042432102999723,0.00014830014546591896,-0.0001751586287667168,0.0035548881318124836,0.0062091144204308385,-0.009488925002846267,0.015462208935580968,0.0018113477742353452,0.002759316728860741,0.009327579651846876,0.005278909207486037,-0.0006736098534865973,-0.004360053666900951,0.0007983442981848456,0.0006712473650209856,-0.0017091366999524432,0.0052954787854492145,-0.0028060008692523102,4.533205364602566e-05,-0.0010509056286754062,-0.0038198499332961194,-0.00638437186164848,0.0025481676038364705,-0.0010333076081849217,0.013404369168081107,0.0003179545231619381,-0.0062439093455033635,-0.0032348613902879533,0.005613309273747293,-0.0033550784463191115,-0.002620285208224264,0.0014537916897049206,-0.0009384882450241531,0.001929957844970787,0.006726575784168005,-0.00957965398505073,-0.018551287785925637,-0.006332494889856795,-0.00208729165065651,0.0007623186978272243,-0.001695540039477991,0.0015643778427687008,-0.0013858350094545647,-0.005735824689435616,0.005267555704217864,0.015816935616488885,-0.002102597434303475,-0.0008712679164735099,-0.007727671537977326,-0.004367039084019781,0.0014580295222409913,0.0013853400222518053,-0.004274905281084886,-0.0007580531572654024,-0.004487758759970645,0.03187924920355895,-0.002039112553782097,-0.0010507313038174463,-0.007596253089457093,-0.0015965177102617888,0.001136662824737554,-0.0007069479433896309,0.0005989071355705604,0.002056430885933485,0.0005174035115790554,-0.02132756956599175,-0.00238900652501952,-0.004056576775778787,-0.0027785691114899035,-0.0010158508891731353,-0.0013870905639468748,-0.0011032230983832438,0.022846796108353204,0.002961884069312878,-0.006018307547207026,-0.0025116662764879416
0.0049730244299815585,-0.001534954584875748,0.0029615176665413567,0.0028315665889290307,-0.00352225373493239,-0.00139959461965484,0.005903054163478203,0.0007042432102999723,0.0001393889786600153,-0.00014816572677381478,0.0032953857038390054,0.006091203726952948,-0.009488925002846267,0.015462208935580968,0.0018113477742353452,0.0027621853461871895,0.009183186219232893,0.005278909207486037,-0.0006736098534865973,-0.004457713612351103,0.0006851321933356036,0.0005999114186850393,-0.0018444562490893663,0.005280113651864842,-0.002704539231965816,4.533205364602566e-05,-0.0010509056286754062,-0.004602815942107295,-0.00638437186164848,0.002420081819643448,-0.0010333076081849217,0.012770013541375152,0.0003179545231619381,-0.006451539014342764,-0.0031918968360452036,0.005513819093952092,-0.0033550784463191115,-0.002620285208224264,0.0014537916897049206,-0.0009384882450241531,0.001929957844970787,0.006981398721505159,-0.00915625712535107,-0.01890197868106667,-0.0060322597085622955,-0.002024890750446802,0.0007623186978272243,-0.0019121118038999121,0.0015643778427687008,-0.0013878160080298117,-0.005735824689435616,0.005265571304953683,0.016150505890808183,-0.0021079014396074803,-0.0008712679164735099,-0.007727671537977326,-0.004595360186897022,0.0014580295222409913,0.0013853400222518053,-0.004274905281084886,-0.0007148212600481836,-0.004487758759970645,0.03188635831570526,-0.002241810337908203,-0.0010035386694537596,-0.007326676043881964,-0.001646251254649073,0.0011484309032349558,-0.0007069479433896309,0.0005989071355705604,0.002056430885933485,0.0005174035115790554,-0.021284605011749003,-0.002552409421740086,-0.004047881568372516,-0.0027922178996658085,-0.0010346820615436678,-0.0014096304834446854,-0.0011032230983832438,0.022389346774370496,0.0030530210025550746,-0.006337881993526906,-0.002506078149424251
0.0049730244299815585,-0.001534954584875748,0.0029615176665413567,0.0028315665889290307,-0.00352225373493239,-0.000994310084402528,0.005903054163478203,0.0004900714171808107,0.0001393889786600153,-0.00014816572677381478,0.0032953857038390054,0.006091203726952948,-0.009488925002846267,0.01585295853685689,0.0018113477742353452,0.0027621853461871895,0.009183186219232893,0.005278909207486037,-0.0006736098534865973,-0.004457713612351103,0.0006851321933356036,0.0005999114186850393,-0.0018444562490893663,0.005280113651864842,-0.002704539231965816,4.533205364602566e-05,-0.0010509056286754062,-0.004602815942107295,-0.00638437186164848,0.002420081819643448,-0.0010333076081849217,0.012770013541375152,0.0003179545231619381,-0.006451539014342764,-0.0031918968360452036,0.005444896788187681,-0.0033550784463191115,-0.002620285208224264,0.0014537916897049206,-0.0009384882450241531,0.001929957844970787,0.006981398721505159,-0.00915625712535107,-0.01890197868106667,-0.0060322597085622955,-0.002024890750446802,0.0007623186978272243,-0.0019121118038999121,0.0015643778427687008,-0.0013878160080298117,-0.005735824689435616,0.00430011654250644,0.016150505890808183,-0.0021079014396074803,-0.0008712679164735099,-0.007727671537977326,-0.005040710873923325,0.001776384934581366,0.0013853400222518053,-0.004274905281084886,-0.0007148212600481836,-0.004487758759970645,0.03188635831570526,-0.002191685024624995,-0.0010035386694537596,-0.00727348183386713,-0.001646251254649073,0.0011484309032349558,-0.0007069479433896309,0.0005989071355705604,0.002056430885933485,0.0005174035115790554,-0.021284605011749003,-0.002552409421740086,-0.004047881568372516,-0.0027922178996658085,-0.0010346820615436678,-0.0014096304834446854,-0.0011032230983832438,0.022389346774370496,0.0030530210025550746,-0.006337881993526906,-0.002506078149424251
-0.006957841711768287,-0.0009728106032893304,0.003023730469331545,0.002813328524472479,-0.0028011007576124298,-0.0007262795702697955,0.005261593550930111,0.0007042432102999723,0.00014830014546591896,-9.14265713504489e-05,0.0035548881318124836,0.006249883307374424,-0.00939503188170823,0.015267502488281837,0.0018113477742353452,0.0033225300559101708,0.00896031683979477,0.005016965349483065,-0.0006736098534865973,-0.004360053666900951,0.0007511390777041815,0.0007908645899013684,-0.0012824587707162326,0.004745744183031511,-0.0024665908572619587,3.696004632240555e-05,-0.0004128308223926379,-0.004034490872608009,-0.006374225179750992,0.002445653791773704,-0.0010333076081849217,0.014289283264235215,0.0023592387064007513,-0.005771633108227128,-0.0029518508658545432,0.00598584744454255,-0.0037541382487259914,-0.0026106925281770385,0.0014537916897049206,-0.0009384882450241531,0.0019447209022466821,0.007307344889446021,-0.008764557497522328,-0.01812249481698951,-0.006332494889856795,-0.0020775650110640667,0.0007424148979234245,-0.0017740452012045501,0.0015643778427687008,-0.0014308009040445197,-0.005924269753431627,0.005322366403854915,0.01536474273480144,-0.002102597434303475,-0.0008712679164735099,-0.007727671537977326,-0.005172973399955991,0.0012964648963906525,0.0013243864141391603,-0.004274905281084886,-0.0007580531572654024,-0.004255068781030667,0.03185344361117337,-0.002528785974140525,-0.0005955429707312434,-0.007589256708935524,-0.0016458174301497443,0.001136662824737554,-0.00048010395401216165,0.0005989071355705604,0.00208955565041166,0.0005174035115790554,-0.021473446730742956,-0.00238900652501952,-0.004056576775778787,-0.002957203612063254,-0.0009925967832122625,-0.001450524281218528,-0.0011032230983832438,0.021134747672572698,0.002961884069312878,-0.006011732517362616,-0.0024269965167711895
-0.0059450280835352115,-0.0010372473168522426,0.003023730469331545,0.00320348989169138,-0.0046134715751671735,-0.0012237009585419623,0.006346542661615899,0.0007042432102999723,0.0006217158275282175,-0.0001751586287667168,0.0035548881318124836,0.006249883307374424,-0.00939503188170823,0.015121410177567443,0.001975513508177053,0.003315365076097107,0.008977202140191173,0.005016965349483065,-0.0006736098534865973,-0.004360053666900951,0.0007511390777041815,0.0007908645899013684,-0.0012824587707162326,0.005360208538452446,-0.0024665908572619587,-3.876433853236088e-05,-0.0008221875475388365,-0.0040437630649465634,-0.006374225179750992,0.0023881307825700227,-0.0010333076081849217,0.01459117435559999,0.00038368034713576497,-0.005771633108227128,-0.0029518508658545432,0.005927882739479153,-0.0035368535689328305,-0.0026106925281770385,0.0014342905559180728,-0.0009682652316563656,0.0016633336303065337,0.007042235379529966,-0.008790119028781093,-0.018284377996019004,-0.006332494889856795,-0.0009239274848340042,0.0007424148979234245,-0.0017740452012045501,0.0015643778427687008,-0.0012009533313870984,-0.006213884105471246,0.005265936008720618,0.015018205174019502,-0.0019369616650163274,-0.0009468319862904531,-0.0078010310764117605,-0.0046593965920719875,0.0013646910172483515,0.0017902074864788759,-0.004274905281084886,-0.0007580531572654024,-0.004255068781030667,0.03196512126630236,-0.0019781779251782953,-0.0009432688558091035,-0.007629322860709516,-0.0016458174301497443,0.001136662824737554,-0.00037795376807323565,0.0005989071355705604,0.00208955565041166,0.0005514378034584,-0.020927624998115506,-0.002178803421107497,-0.004038736306257645,-0.002957203612063254,-0.0010175542412661394,-0.0014618896327915415,-0.0011032230983832438,0.021134747672572698,0.002961884069312878,-0.006011732517362616,-0.0024269965167711895
-0.00643905902924683,-0.0009612931717019672,0.003023730469331545,0.002813328524472479,-0.0028011007576124298,-0.0007262795702697955,0.005261593550930111,0.0007042432102999723,0.00014830014546591896,-9.14265713504489e-05,0.0035548881318124836,0.006249883307374424,-0.010316176813014865,0.015268109071852665,0.0018113477742353452,0.0033225300559101708,0.00895645002991292,0.005016965349483065,-0.0006736098534865973,-0.004360053666900951,0.0007511390777041815,0.0007908645899013684,-0.0012824587707162326,0.004732915874105815,-0.0024665908572619587,3.696004632240555e-05,-0.0004128308223926379,-0.004034490872608009,-0.006374225179750992,0.002445653791773704,-0.0010333076081849217,0.014289283264235215,0.0023592387064007513,-0.005771633108227128,-0.0029518508658545432,0.005894721931968679,-0.0037541382487259914,-0.0026106925281770385,0.0014537916897049206,-0.0009384882450241531,0.0018626178077704744,0.007042235379529966,-0.008760271891732964,-0.018126361626871357,-0.006332494889856795,-0.0020775650110640667,0.0007424148979234245,-0.0017740452012045501,0.0015643778427687008,-0.0014308009040445197,-0.0062625258167391985,0.005265936008720618,0.015360875924919594,-0.002102597434303475,-0.0008712679164735099,-0.007727671537977326,-0.005172973399955991,0.0012964648963906525,0.0013243864141391603,-0.004274905281084886,-0.0007580531572654024,-0.004255068781030667,0.03185344361117337,-0.002528785974140525,-0.0005955429707312434,-0.007589256708935524,-0.0016458174301497443,0.001136662824737554,-0.00048010395401216165,0.0005989071355705604,0.00208955565041166,0.0005174035115790554,-0.021388523174104397,-0.00238900652501952,-0.004056576775778787,-0.002957203612063254,-0.0010175542412661394,-0.0014618896327915415,-0.0011032230983832438,0.021134747672572698,0.002961884069312878,-0.006011732517362616,-0.0024269965167711895
-0.006957841711768287,-0.000994614286076802,0.003023730469331545,0.003284048430896536,-0.0031899728285685247,-0.0007211746727011807,0.006346542661615899,0.000700344150334021,0.00014830014546591896,-0.0001751586287667168,0.0035548881318124836,0.005940026605659592,-0.010117471053186259,0.01505221415165505,0.001869801653434743,0.003315365076097107,0.008981068950073022,0.004975263692743814,-0.0006657691839917926,-0.004364696168575507,0.0007511390777041815,0.0007908645899013684,-0.0013066595119985431,0.005116725890846431,-0.002411639975708968,-3.057677320487977e-05,-0.0008221875475388365,-0.0050545155885305315,-0.006231022971331393,0.0026640745299597647,-0.0010333076081849217,0.013732274805139113,0.00021792863473333497,-0.0057609752343064455,-0.0029518508658545432,0.0059664121877703365,-0.0035550527171848965,-0.0026106925281770385,0.0014537916897049206,-0.0009261501458519845,0.0018793791505735014,0.0073441018689823275,-0.008754705655818129,-0.01846115370359933,-0.0064689421248475655,-0.0020775650110640667,0.0007237953744703887,-0.0017258701759526865,0.0015643778427687008,-0.0012009533313870984,0.0002927543798983455,0.010085231101665175,0.01469157277194322,-0.002102597434303475,-0.001024946964190596,-0.00804684273995228,-0.005259844713578393,0.0015052704202116731,0.0013091250464341835,-0.003678911014833785,-0.0007319779909568601,-0.004255068781030667,0.03056498629171037,-0.0019781779251782953,-0.001116542439099133,-0.007284709358952653,-0.0016458174301497443,0.0009306824743787423,-0.00039193362414090765,0.0006171999804814453,0.0022014277965303817,0.0005615121413714458,-0.0214631531396223,-0.0018000591404344812,-0.004056576775778787,-0.0026738069091145423,-0.0009925967832122625,-0.001450524281218528,-0.0011474277200526541,0.020441000475463912,0.0030216105621221514,-0.005978004119573329,-0.0024269965167711895
-0.005936861772647813,-0.0015030760910346081,0.0031633652706204818,0.003260630359795122,-0.0031899728285685247,-0.0007211746727011807,0.006346542661615899,8.237496814544578e-05,0.00015381158197311614,-9.14265713504489e-05,0.0035548881318124836,0.005728563606037908,-0.009430949273128254,0.015002670471562738,0.0018196032407363303,0.0033225300559101708,0.009075106678949126,0.004975263692743814,-0.0006657691839917926,-0.004364696168575507,0.0007511390777041815,0.0007625485891715744,-0.0013066595119985431,0.004554162979503032,-0.002411639975708968,-3.057677320487977e-05,-0.0004128308223926379,-0.004916784545627075,-0.006231022971331393,0.0023562839994854985,-0.0010570696716305703,0.013732274805139113,0.0021934869939983213,-0.0057609752343064455,-0.0029518508658545432,0.005875286675196466,-0.0039334827137847425,-0.0026106925281770385,0.001439465410481025,-0.0009261501458519845,0.0030153395644822115,0.0070789923590662725,-0.008750420050028764,-0.018132406886686516,-0.0064689421248475655,-0.0028352851489452757,0.0007237953744703887,-0.0017258701759526865,0.0011449619561132867,-0.0012009533313870984,0.007559615074764422,0.012622637966879204,0.01404564750747027,-0.002098761313388944,-0.001024946964190596,-0.008609613302722842,-0.005208961672256984,0.0015052704202116731,0.0013091250464341835,-0.003678911014833785,-0.0007319779909568601,-0.003917265088124933,0.02964646685134271,-0.0025879282207827716,-0.0005568011809118673,-0.006985480232858008,-0.0016458174301497443,0.0009306824743787423,-0.0002292170978447003,0.0005639677262922533,0.0022014277965303817,0.0005615121413714458,-0.02191301097065628,-0.0017295866970171634,-0.004038736306257645,-0.002456784328449805,-0.00022528806423829857,-0.0013417394272834085,-0.0011411489409489555,0.020246346687672428,0.0030216105621221514,-0.0058732667615739595,-0.0024269965167711895
0.0025967462592573353,-0.0015089887108960098,0.0029615176665413567,0.003221727956147932,-0.003092081666104859,-0.0007262795702697955,0.007059099381779971,0.0007042432102999723,0.00014830014546591896,-9.14265713504489e-05,0.0035548881318124836,0.006123534003525123,-0.009488925002846267,0.015462208935580968,0.0018113477742353452,0.002769350326000253,0.009228835358313286,0.005278909207486037,-0.0006736098534865973,-0.004360053666900951,0.0006851321933356036,0.0006712473650209856,-0.0018444562490893663,0.004717550740521443,-0.0024665908572619587,-5.1647282646291445e-05,-0.0004128308223926379,-0.004281928496219849,-0.00638437186164848,0.002445653791773704,-0.0010333076081849217,0.013022931516510291,0.0022935128824269242,-0.0062439093455033635,-0.0032348613902879533,0.005513819093952092,-0.003733508442918957,-0.002620285208224264,0.0014537916897049206,-0.0009384882450241531,0.002008856396261222,0.006977502426144909,-0.00915625712535107,-0.01890197868106667,-0.006332494889856795,-0.0020775650110640667,0.0007623186978272243,-0.0021903081379891043,0.0015643778427687008,-0.0011579684353723908,-0.005735824689435616,0.005280395332440947,0.016339268512153303,-0.002102597434303475,-0.0008712679164735099,-0.007727671537977326,-0.004713414070794084,0.0014580295222409913,0.0013243864141391603,-0.004274905281084886,-0.0007580531572654024,-0.004487758759970645,0.03177468066057627,-0.0025897206027443265,-0.0005297318354495567,-0.007550478497893568,-0.0015965177102617888,0.001136662824737554,-0.0006766647732109905,0.0005989071355705604,0.002056430885933485,0.0005174035115790554,-0.021388523174104397,-0.002178803421107497,-0.004056576775778787,-0.002957203612063254,-0.0010087417770268344,-0.0013870905639468748,-0.0011032230983832438,0.022846796108353204,0.0030530210025550746,-0.006018307547207026,-0.0025116662764879416
0.003123650195161588,-0.0015089887108960098,0.0029615176665413567,0.0028315665889290307,-0.00348382432808193,-0.00139959461965484,0.005903054163478203,0.0007042432102999723,0.00022034533781186335,-6.443366935754686e-05,0.0032953857038390054,0.006091203726952948,-0.009488925002846267,0.015462208935580968,0.0018113477742353452,0.002769350326000253,0.009162434108954644,0.005278909207486037,-0.0006736098534865973,-0.004457713612351103,0.0006851321933356036,0.0007195286435654221,-0.0017091366999524432,0.0046584277449853075,-0.002704539231965816,4.533205364602566e-05,-0.0006415489035292075,-0.0046099250542535955,-0.006867961788847429,0.002420081819643448,-0.0010333076081849217,0.012850969900526999,0.0022935128824269242,-0.0064544729364496185,-0.0031918968360452036,0.00510012154251445,-0.003733508442918957,-0.002620285208224264,0.0014537916897049206,-0.0009384882450241531,0.002143478666221837,0.006981398721505159,-0.00915625712535107,-0.019051500402300504,-0.0060322597085622955,-0.002024890750446802,0.0007623186978272243,-0.0019121118038999121,0.0015643778427687008,-0.0013858350094545647,-0.005835912571478386,0.005270985783420079,0.015186315837472956,-0.0021079014396074803,-0.0008712679164735099,-0.007269046970694014,-0.004595360186897022,0.0014580295222409913,0.0013853400222518053,-0.004274905281084886,-0.0007148212600481836,-0.004487758759970645,0.03176757154842996,-0.002792418386870433,-0.0005020685439234833,-0.007326676043881964,-0.001646251254649073,0.0011484309032349558,-0.0006766647732109905,0.0005989071355705604,0.002056430885933485,0.0005174035115790554,-0.020848920775112804,-0.0025607387768739522,-0.004047881568372516,-0.0027922178996658085,-0.0010417911736899687,-0.0014323234155540156,-0.0011032230983832438,0.022389346774370496,0.002961884069312878,-0.006337881993526906,-0.002506078149424251
-0.006430892718359431,-0.001573758127341346,0.0031633652706204818,0.003260630359795122,-0.003520762960713337,-0.0007211746727011807,0.006346542661615899,8.237496814544578e-05,0.00015381158197311614,-0.0001751586287667168,0.0035548881318124836,0.005728563606037908,-0.009430949273128254,0.015002670471562738,0.0018196032407363303,0.003315365076097107,0.009095858789227374,0.004975263692743814,-0.0006657691839917926,-0.004364696168575507,0.0007511390777041815,0.0007625485891715744,-0.0013066595119985431,0.005116725890846431,-0.002411639975708968,-3.057677320487977e-05,-0.0008221875475388365,-0.004916784545627075,-0.006231022971331393,0.0024138070086891796,-0.0010570696716305703,0.013732274805139113,0.00021792863473333497,-0.0057609752343064455,-0.0029518508658545432,0.005875286675196466,-0.0035550527171848965,-0.0026106925281770385,0.0014199642766941772,-0.0009261501458519845,0.002936441013191777,0.0070789923590662725,-0.008750420050028764,-0.018132406886686516,-0.0064689421248475655,-0.001614972621470446,0.0007237953744703887,-0.0017258701759526865,0.0011449619561132867,-0.0012009533313870984,0.007572710312859659,0.012622637966879204,0.014611673568628336,-0.002098761313388944,-0.001024946964190596,-0.008609613302722842,-0.005208961672256984,0.0015052704202116731,0.0016700582702984421,-0.003678911014833785,-0.0007319779909568601,-0.003917265088124933,0.0297581445064717,-0.002037320171820542,-0.001077800649279757,-0.006985480232858008,-0.0016458174301497443,0.0009306824743787423,-0.00039193362414090765,0.0005639677262922533,0.0022014277965303817,0.0005615121413714458,-0.021570820266623474,-0.0017295866970171634,-0.004056576775778787,-0.002456784328449805,-0.00022528806423829857,-0.0013417394272834085,-0.0011411489409489555,0.020246346687672428,0.0030216105621221514,-0.0058732667615739595,-0.0024269965167711895
0.003123650195161588,-0.0015089887108960098,0.0029615176665413567,0.0028315665889290307,-0.00348382432808193,-0.00139959461965484,0.005903054163478203,0.0007042432102999723,0.00022034533781186335,-6.443366935754686e-05,0.0032953857038390054,0.006091203726952948,-0.009488925002846267,0.015462208935580968,0.0018113477742353452,0.002769350326000253,0.009162434108954644,0.005278909207486037,-0.0006736098534865973,-0.004457713612351103,0.0006851321933356036,0.0007195286435654221,-0.0017091366999524432,0.0046584277449853075,-0.002704539231965816,4.533205364602566e-05,-0.0006415489035292075,-0.0046099250542535955,-0.006867961788847429,0.002420081819643448,-0.0010333076081849217,0.012850969900526999,0.0022935128824269242,-0.0064544729364496185,-0.0031918968360452036,0.00510012154251445,-0.003733508442918957,-0.002620285208224264,0.0014537916897049206,-0.0009384882450241531,0.002143478666221837,0.006981398721505159,-0.00915625712535107,-0.019051500402300504,-0.0060322597085622955,-0.002024890750446802,0.0007623186978272243,-0.0019121118038999121,0.0015643778427687008,-0.0013858350094545647,-0.005835912571478386,0.005270985783420079,0.015186315837472956,-0.0021079014396074803,-0.0008712679164735099,-0.007269046970694014,-0.004595360186897022,0.0014580295222409913,0.0013853400222518053,-0.004274905281084886,-0.0007148212600481836,-0.004487758759970645,0.03176757154842996,-0.002792418386870433,-0.0005020685439234833,-0.007326676043881964,-0.001646251254649073,0.0011484309032349558,-0.0006766647732109905,0.0005989071355705604,0.002056430885933485,0.0005174035115790554,-0.020848920775112804,-0.0025607387768739522,-0.004047881568372516,-0.0027922178996658085,-0.0010417911736899687,-0.0014323234155540156,-0.0011032230983832438,0.022389346774370496,0.002961884069312878,-0.006337881993526906,-0.002506078149424251
-0.006957841711768287,-0.0013427353056509723,0.0031633652706204818,0.00287046899257622,-0.0031899728285685247,-0.0008333552493340271,0.0051904974433141324,8.237496814544578e-05,0.00015381158197311614,-0.0012623598569453888,0.0035548881318124836,0.005728563606037908,-0.009430949273128254,0.015042097309070303,0.0018196032407363303,0.0033225300559101708,0.008595622253600041,0.004975263692743814,-0.0006657691839917926,-0.004364696168575507,0.0007511390777041815,0.0007625485891715744,-0.0013066595119985431,0.004554162979503032,-0.002411639975708968,6.640256308743756e-05,-0.0004128308223926379,-0.004916784545627075,-0.006231022971331393,0.0024138070086891796,-0.0010570696716305703,0.013732274805139113,0.0021934869939983213,-0.0057609752343064455,-0.0029518508658545432,0.0059664121877703365,-0.0039334827137847425,-0.0026106925281770385,0.001439465410481025,-0.0009261501458519845,0.0030153395644822115,0.0073441018689823275,-0.008754705655818129,-0.01812854007680467,-0.0064689421248475655,-0.002083277327152345,0.0007237953744703887,-0.0017258701759526865,0.0011449619561132867,-0.0014308009040445197,0.007559615074764422,0.012622637966879204,0.014503862723381193,-0.002098761313388944,-0.001024946964190596,-0.008609613302722842,-0.005208961672256984,0.0015052704202116731,0.0013700786545468285,-0.003678911014833785,-0.0007319779909568601,-0.003917265088124933,0.02964646685134271,-0.0025879282207827716,-0.0005568011809118673,-0.006985480232858008,-0.0016458174301497443,0.0009306824743787423,-0.00036165045396226706,0.0005639677262922533,0.0022014277965303817,0.0005615121413714458,-0.021509866658510828,-0.0019397898009291868,-0.004047881568372516,-0.002456784328449805,-0.00020033060618442167,-0.001337872617401561,-0.0011411489409489555,0.020610948668815764,0.0030216105621221514,-0.0058732667615739595,-0.0024269965167711895
-0.005941305839920785,-0.0009612931717019672,0.003023730469331545,0.00320348989169138,-0.0028011007576124298,-0.0007262795702697955,0.006346542661615899,0.0004900714171808107,0.00014830014546591896,-9.14265713504489e-05,0.0035548881318124836,0.006249883307374424,-0.00939503188170823,0.015512159778843359,0.001959976557631094,0.0033225300559101708,0.00895645002991292,0.005016965349483065,-0.0006736098534865973,-0.004360053666900951,0.0007511390777041815,0.0006712473650209856,-0.0014177783198531556,0.004717550740521443,-0.0024665908572619587,-6.001928996991176e-05,-0.0004128308223926379,-0.004040040821332137,-0.006374225179750992,0.0023881307825700227,-0.0010333076081849217,0.01459117435559999,0.0023592387064007513,-0.005771633108227128,-0.0029518508658545432,0.005726309446409067,-0.0039152835655326765,-0.0026106925281770385,0.0014537916897049206,-0.0009384882450241531,0.0017422321815969682,0.007042235379529966,-0.008760271891732964,-0.018113064821669102,-0.006332494889856795,-0.0014351798115407243,0.0007424148979234245,-0.0017740452012045501,0.0015643778427687008,-0.0012021679582507536,-0.005824181871388857,0.004318017991438472,0.015540538069683925,-0.0019369616650163274,-0.0008712679164735099,-0.007727671537977326,-0.005172973399955991,0.0016148203087310259,0.0013243864141391603,-0.004274905281084886,-0.0007580531572654024,-0.004255068781030667,0.0318571658547878,-0.0024786606608573174,-0.0004027400446036006,-0.007576128650694683,-0.0016458174301497443,0.001136662824737554,-0.00034767059789459506,0.0005989071355705604,0.00208955565041166,0.0005174035115790554,-0.021730713878137208,-0.002178803421107497,-0.004038736306257645,-0.002957203612063254,-0.0010138319976517125,-0.0014618896327915415,-0.0011032230983832438,0.021134747672572698,0.0030530210025550746,-0.006011732517362616,-0.0024269965167711895
0.00441214626914636,-0.001534954584875748,0.0029615176665413567,0.0028315665889290307,-0.003092081666104859,-0.00174939875560841,0.005903054163478203,0.0007042432102999723,0.0001393889786600153,-0.00014816572677381478,0.0032953857038390054,0.006123534003525123,-0.009488925002846267,0.015462208935580968,0.0018113477742353452,0.0027621853461871895,0.009183186219232893,0.005278909207486037,-0.0006736098534865973,-0.004457713612351103,0.0006851321933356036,0.0007195286435654221,-0.0017091366999524432,0.0052954787854492145,-0.0028060008692523102,4.533205364602566e-05,-0.0010509056286754062,-0.0046099250542535955,-0.00638437186164848,0.002438012591272982,-0.0010333076081849217,0.012770013541375152,0.0003179545231619381,-0.006451539014342764,-0.0032348613902879533,0.005613309273747293,-0.0033550784463191115,-0.002620285208224264,0.0014537916897049206,-0.0009384882450241531,0.001929957844970787,0.006981398721505159,-0.00918905972007317,-0.018551287785925637,-0.0060322597085622955,-0.002024890750446802,0.0007623186978272243,-0.0019121118038999121,0.0015643778427687008,-0.0013858350094545647,-0.005835912571478386,0.005267555704217864,0.01551649534001478,-0.0021079014396074803,-0.0008712679164735099,-0.007727671537977326,-0.004653873817913338,0.0014580295222409913,0.0013853400222518053,-0.004274905281084886,-0.0007580531572654024,-0.004487758759970645,0.03187924920355895,-0.002039112553782097,-0.0010230680122913728,-0.0074312341020917804,-0.001646251254649073,0.0011484309032349558,-0.0007069479433896309,0.0005989071355705604,0.002056430885933485,0.0005174035115790554,-0.02132756956599175,-0.002552409421740086,-0.004047881568372516,-0.0027922178996658085,-0.0010158508891731353,-0.0014096304834446854,-0.0011032230983832438,0.022908278805719325,0.002961884069312878,-0.006018307547207026,-0.002506078149424251
-0.0059450280835352115,-0.0009612931717019672,0.003023730469331545,0.002813328524472479,-0.0028011007576124298,-0.0007262795702697955,0.005261593550930111,0.0007042432102999723,0.00014830014546591896,-9.14265713504489e-05,0.0035548881318124836,0.006249883307374424,-0.00939503188170823,0.015121410177567443,0.001959976557631094,0.0033225300559101708,0.00895645002991292,0.005016965349483065,-0.0006736098534865973,-0.004360053666900951,0.0007511390777041815,0.0006712473650209856,-0.0012824587707162326,0.004732915874105815,-0.0024665908572619587,3.696004632240555e-05,-0.0004128308223926379,-0.0040437630649465634,-0.006374225179750992,0.0023881307825700227,-0.0010333076081849217,0.01459117435559999,0.0023592387064007513,-0.005771633108227128,-0.0029518508658545432,0.005894721931968679,-0.0039152835655326765,-0.0026106925281770385,0.0014537916897049206,-0.0009384882450241531,0.0017422321815969682,0.007042235379529966,-0.008760271891732964,-0.018126361626871357,-0.006332494889856795,-0.0014351798115407243,0.0007499166454896188,-0.0017740452012045501,0.001377771872059615,-0.0014308009040445197,-0.005824181871388857,0.005265936008720618,0.014906527518890508,-0.0019369616650163274,-0.0008712679164735099,-0.007727671537977326,-0.005172973399955991,0.0012964648963906525,0.0013243864141391603,-0.004274905281084886,-0.0007580531572654024,-0.004255068781030667,0.03185344361117337,-0.002528785974140525,-0.0004027400446036006,-0.007589256708935524,-0.0016458174301497443,0.001136662824737554,-0.00034767059789459506,0.0005989071355705604,0.00208955565041166,0.0005174035115790554,-0.02164116176656576,-0.00238900652501952,-0.004038736306257645,-0.002957203612063254,-0.0010175542412661394,-0.0014618896327915415,-0.0011032230983832438,0.02122429978414414,0.002961884069312878,-0.006011732517362616,-0.0024269965167711895
0.0031049157172434363,-0.0015307923936834814,0.0029615176665413567,0.002912125128134186,-0.0038726963990380245,-0.0013944897220862249,0.005903054163478203,0.0007042432102999723,0.00022034533781186335,-0.00014816572677381478,0.0032953857038390054,0.005883347967152109,-0.009915053359960818,0.015220713360311267,0.001869801653434743,0.0027621853461871895,0.009165769796820933,0.0052372075507467865,-0.0006736098534865973,-0.004462356114025659,0.0006851321933356036,0.0007195286435654221,-0.0017091366999524432,0.00503447313240741,-0.0026495883504128255,7.477457041105755e-05,-0.0010509056286754062,-0.005790906569281553,-0.006724759580427829,0.002648924234917852,-0.0010333076081849217,0.012233684250856702,0.0001522028107595081,-0.006443815062528936,-0.0031918968360452036,0.00510012154251445,-0.0035344229113778622,-0.002620285208224264,0.0014537916897049206,-0.0009261501458519845,0.0020946113924636793,0.007018155701041466,-0.009146405283646871,-0.019374230862401882,-0.006151180489827761,-0.002024890750446802,0.0007436991743741885,-0.0018639367786480484,0.0015643778427687008,-0.0013858350094545647,0.00012448125894876831,0.006592212627184554,0.014513145874614735,-0.0021079014396074803,-0.001024946964190596,-0.007392622707361867,-0.004682231500519423,0.0016668350460620133,0.0013700786545468285,-0.003678911014833785,-0.0007148212600481836,-0.004487758759970645,0.03159749617001366,-0.002241810337908203,-0.0010230680122913728,-0.007065184815319227,-0.001646251254649073,0.0009424505528761443,-0.0005884944433397364,0.0006171999804814453,0.0021683030320522067,0.0005615121413714458,-0.0208573616619103,-0.0021819944962009367,-0.004047881568372516,-0.002765459592521311,-0.0010417911736899687,-0.0014294477456536412,-0.0011474277200526541,0.02244766914950184,0.0030216105621221514,-0.006375285661172603,-0.002506078149424251
-0.0059450280835352115,-0.001011281442872504,0.003023730469331545,0.0030481404518470897,-0.003281826244015905,-0.0007262795702697955,0.006332068786959653,0.0007042432102999723,0.00016117865495180063,-0.00015845127596913856,0.0035548881318124836,0.006260166100712416,-0.009853392027541335,0.015594989546421904,0.0018873480915101858,0.0033225300559101708,0.009188419938781877,0.00500992644830256,-0.0006736098534865973,-0.00494451841067954,0.0010593691122500056,0.0006712473650209856,-0.0014177783198531556,0.004415141656587119,-0.0024665908572619587,-6.001928996991176e-05,-0.0004128308223926379,-0.0040437630649465634,-0.006682046425223282,0.0023881307825700227,-0.0010333076081849217,0.01459117435559999,0.0023592387064007513,-0.006658915168753668,-0.0029518508658545432,0.005782082198176269,-0.0039152835655326765,-0.0026106925281770385,0.0014342905559180728,-0.0009384882450241531,0.0013526217919865781,0.007465929122235525,-0.008760271891732964,-0.017658162125099464,-0.0072284607987593424,0.00025347363349728945,0.0007499166454896188,-0.0018083145480410293,-0.0005216199300069139,-0.0012009533313870984,-0.005742785699168609,0.0052971471014797685,0.015540538069683925,-0.0015910113190659811,-0.0008712679164735099,-0.007532038359290589,-0.005104747279098292,0.0013726148079898424,0.0020616592767510296,-0.004274905281084886,-0.0007580531572654024,-0.004255068781030667,0.03185344361117337,-0.002528785974140525,-0.0004027400446036006,-0.007589256708935524,-0.0017135679753438984,0.001136662824737554,-0.000441261493372283,0.0005989071355705604,0.00208955565041166,0.0005174035115790554,-0.022142635148476846,-0.002178803421107497,-0.004038736306257645,-0.002957203612063254,-0.0010175542412661394,-0.0014618896327915415,-0.001100473550520914,0.021784732128299015,0.0030530210025550746,-0.006152142411686592,-0.0025237415279879263
-0.007086369976347887,-0.0008269182602980698,0.003023730469331545,0.002813328524472479,-0.0028011007576124298,-0.001243744682154954,0.0051904974433141324,0.0007102573040416086,0.00014830014546591896,-0.00034701684573771577,0.0035548881318124836,0.006249883307374424,-0.010950569965916167,0.016157627158107854,0.0018113477742353452,0.003315365076097107,0.008977928002533367,0.005016965349483065,-0.0006736098534865973,-0.004360053666900951,0.0007511390777041815,0.0007908645899013684,-0.0012824587707162326,0.00530830709437491,-0.0024665908572619587,3.696004632240555e-05,-0.0008221875475388365,-0.004034490872608009,-0.006374225179750992,0.002445653791773704,-0.0010333076081849217,0.014289283264235215,0.00038368034713576497,-0.005771633108227128,-0.0029572565368948893,0.00598584744454255,-0.0035550527171848965,-0.0026106925281770385,0.0014537916897049206,-0.0009384882450241531,0.0018272839105635899,0.007307344889446021,-0.00879169311792992,-0.01827765019813396,-0.006332494889856795,-0.002024890750446802,0.0007424148979234245,-0.001730480547121,0.0015643778427687008,-0.0014308009040445197,-0.0062625258167391985,0.006463036723346431,0.0156774098766342,-0.002102597434303475,-0.001024946964190596,-0.007727671537977326,-0.0047276227129296865,0.0015166859453258279,0.0013853400222518053,-0.004274905281084886,-0.0007580531572654024,-0.004255068781030667,0.03196512126630236,-0.0019781779251782953,-0.001116542439099133,-0.007629322860709516,-0.0016458174301497443,0.0011281808328652348,-0.00039193362414090765,0.0005989071355705604,0.00208955565041166,0.0005174035115790554,-0.02141249312263031,-0.00238900652501952,-0.004047881568372516,-0.002961565747998154,-0.0009925967832122625,-0.001450524281218528,-0.0011032230983832438,0.021134747672572698,0.002961884069312878,-0.006018307547207026,-0.002454024871972919
-0.006942374472240897,-0.001559309684948971,0.003023730469331545,0.0033475500353457067,-0.004523813743817829,-0.0007011309490881891,0.006346542661615899,0.000700344150334021,0.0006217158275282175,-9.14265713504489e-05,0.0035548881318124836,0.005940026605659592,-0.009430949273128254,0.015026006913012131,0.0019318473729996494,0.0033225300559101708,0.00897276054303784,0.004975263692743814,-0.0006657691839917926,-0.004364696168575507,0.0007511390777041815,0.0007908645899013684,-0.0013066595119985431,0.004638584819867524,-0.002411639975708968,-9.321821767328777e-06,-0.0004128308223926379,-0.0050545155885305315,-0.006231022971331393,0.0026640745299597647,-0.0010333076081849217,0.013732274805139113,0.0021934869939983213,-0.0057609752343064455,-0.0029518508658545432,0.005999572995280812,-0.0039334827137847425,-0.0026106925281770385,0.0014199642766941772,-0.000926721107722698,0.0019747521797789597,0.0073441018689823275,-0.008759393369210593,-0.018623036882628816,-0.0064689421248475655,-0.001556586044764904,0.0007237953744703887,-0.0017258701759526865,0.0015643778427687008,-0.0012009533313870984,0.00019509187652858462,0.012622637966879204,0.014576028306932382,-0.002102597434303475,-0.0011005110340075392,-0.008416564039351263,-0.005191618592720694,0.0015734965410693726,0.0016700582702984421,-0.003678911014833785,-0.0007319779909568601,-0.004255068781030667,0.03045330863658138,-0.002528785974140525,-0.0005955429707312434,-0.006985480232858008,-0.0016458174301497443,0.0009306824743787423,-0.00036165045396226706,0.0005639677262922533,0.0022014277965303817,0.0006903949861079623,-0.02070132578035198,-0.0017295866970171634,-0.004056576775778787,-0.0026738069091145423,-0.0009925967832122625,-0.0014347137986958102,-0.0011474277200526541,0.02026376311008439,0.0030216105621221514,-0.005965024301607361,-0.0024269965167711895
-0.007086369976347887,-0.0009728106032893304,0.003023730469331545,0.00320348989169138,-0.0028011007576124298,-0.0007262795702697955,0.006346542661615899,0.0007042432102999723,0.00014830014546591896,-9.14265713504489e-05,0.0035548881318124836,0.006249883307374424,-0.00939503188170823,0.015429741403113435,0.0018113477742353452,0.0033225300559101708,0.00896031683979477,0.00494145189051096,-0.0006736098534865973,-0.004360053666900951,0.0007511390777041815,0.0007908645899013684,-0.0012824587707162326,0.004745744183031511,-0.0024665908572619587,-6.001928996991176e-05,-0.0004128308223926379,-0.004034490872608009,-0.006374225179750992,0.002445653791773704,-0.0010333076081849217,0.014289283264235215,0.0023592387064007513,-0.005771633108227128,-0.0029518508658545432,0.00598584744454255,-0.0039334827137847425,-0.0026106925281770385,0.0014537916897049206,-0.0009384882450241531,0.0019447209022466821,0.007307344889446021,-0.00879169311792992,-0.01827765019813396,-0.006332494889856795,-0.0020775650110640667,0.0007424148979234245,-0.0020617796663356326,0.0015643778427687008,-0.0012009533313870984,-0.005924269753431627,0.006614063641290643,0.015906247448063668,-0.002102597434303475,-0.001024946964190596,-0.007727671537977326,-0.005172973399955991,0.0015166859453258279,0.0013243864141391603,-0.004274905281084886,-0.0007580531572654024,-0.004255068781030667,0.03177793015220127,-0.002528785974140525,-0.0006427356050949306,-0.007589256708935524,-0.0016458174301497443,0.0011281808328652348,-0.00036165045396226706,0.0005989071355705604,0.00208955565041166,0.0005174035115790554,-0.021473446730742956,-0.002178803421107497,-0.004056576775778787,-0.002957203612063254,-0.0009925967832122625,-0.001450524281218528,-0.0011032230983832438,0.021134747672572698,0.002961884069312878,-0.006018307547207026,-0.00243258464383488
0.004821243791566709,-0.001534954584875748,0.0029615176665413567,0.0028315665889290307,-0.00352225373493239,-0.00174939875560841,0.005903054163478203,0.0007042432102999723,0.0001393889786600153,-0.00014816572677381478,0.0032953857038390054,0.006091203726952948,-0.009488925002846267,0.015462208935580968,0.0018113477742353452,0.0027621853461871895,0.009183186219232893,0.005278909207486037,-0.0006736098534865973,-0.004457713612351103,0.0006851321933356036,0.0005999114186850393,-0.0018444562490893663,0.005280113651864842,-0.0028060008692523102,4.533205364602566e-05,-0.0010509056286754062,-0.004602815942107295,-0.00638437186164848,0.002438012591272982,-0.0010333076081849217,0.012770013541375152,0.0003179545231619381,-0.006451539014342764,-0.0031918968360452036,0.005513819093952092,-0.0033550784463191115,-0.002620285208224264,0.0014537916897049206,-0.0009384882450241531,0.001929957844970787,0.006981398721505159,-0.00918905972007317,-0.01853799098072338,-0.0060322597085622955,-0.002024890750446802,0.0007623186978272243,-0.0019121118038999121,0.0015643778427687008,-0.0013878160080298117,-0.005735824689435616,0.005265571304953683,0.016150505890808183,-0.0021079014396074803,-0.0008712679164735099,-0.007727671537977326,-0.004653873817913338,0.0014580295222409913,0.0013853400222518053,-0.004274905281084886,-0.0007148212600481836,-0.004487758759970645,0.03188635831570526,-0.002241810337908203,-0.0010035386694537596,-0.007333806324781345,-0.001646251254649073,0.0011484309032349558,-0.0007069479433896309,0.0005989071355705604,0.002056430885933485,0.0005174035115790554,-0.021284605011749003,-0.002552409421740086,-0.004047881568372516,-0.0027922178996658085,-0.0010346820615436678,-0.0014096304834446854,-0.0011032230983832438,0.022389346774370496,0.0030530210025550746,-0.006018307547207026,-0.002506078149424251
-0.006957841711768287,-0.0015852755589287092,0.0031633652706204818,0.003260630359795122,-0.004523813743817829,-0.0007011309490881891,0.006346542661615899,8.838906188708202e-05,0.0006272272640354147,-0.0001751586287667168,0.0035548881318124836,0.005728563606037908,-0.010361653240393036,0.01575615688162924,0.0018816489603012364,0.003315365076097107,0.00909658465156957,0.004975263692743814,-0.0006657691839917926,-0.004364696168575507,0.0007511390777041815,0.0007625485891715744,-0.0013066595119985431,0.005201147731210923,-0.002411639975708968,-9.321821767328777e-06,-0.0008221875475388365,-0.004916784545627075,-0.006231022971331393,0.0024138070086891796,-0.0010570696716305703,0.013732274805139113,0.00021792863473333497,-0.0057609752343064455,-0.0029572565368948893,0.005999572995280812,-0.0035550527171848965,-0.0026106925281770385,0.0014199642766941772,-0.000926721107722698,0.0029635311893603036,0.0073441018689823275,-0.008759393369210593,-0.018286556445952312,-0.0064689421248475655,-0.001614972621470446,0.0007237953744703887,-0.0016823055218691363,0.0011449619561132867,-0.0012009533313870984,0.008035108678665824,0.012622637966879204,0.014615540378510183,-0.002098761313388944,-0.0011005110340075392,-0.008979334602121827,-0.005140735551399285,0.0015734965410693726,0.0016700582702984421,-0.003678911014833785,-0.0007319779909568601,-0.003917265088124933,0.0297581445064717,-0.002037320171820542,-0.001077800649279757,-0.006985480232858008,-0.0016458174301497443,0.0009306824743787423,-0.00039193362414090765,0.0005639677262922533,0.0022014277965303817,0.0006903949861079623,-0.020808992907353156,-0.0017295866970171634,-0.004056576775778787,-0.002461146464384705,-0.00020033060618442167,-0.001337872617401561,-0.0011411489409489555,0.020246346687672428,0.0030216105621221514,-0.0058732667615739595,-0.002454024871972919
0.004982165614196546,-0.001534954584875748,0.0029615176665413567,0.0028315665889290307,-0.00352225373493239,-0.0008821295077696812,0.005903054163478203,0.0007042432102999723,0.0001393889786600153,-0.00014816572677381478,0.0032953857038390054,0.006091203726952948,-0.009488925002846267,0.015462208935580968,0.0018113477742353452,0.0027621853461871895,0.009183186219232893,0.005278909207486037,-0.0006736098534865973,-0.004457713612351103,0.0006851321933356036,0.0007195286435654221,-0.0017091366999524432,0.00530830709437491,-0.002704539231965816,4.533205364602566e-05,-0.0010509056286754062,-0.0046099250542535955,-0.00638437186164848,0.002420081819643448,-0.0010333076081849217,0.012770013541375152,0.0003179545231619381,-0.006451539014342764,-0.0031918968360452036,0.005613309273747293,-0.0033550784463191115,-0.002620285208224264,0.0014537916897049206,-0.0009384882450241531,0.001929957844970787,0.006981398721505159,-0.00915625712535107,-0.018915275486268927,-0.0060322597085622955,-0.002015164110854359,0.0007623186978272243,-0.0019121118038999121,0.0015643778427687008,-0.0013858350094545647,-0.005835912571478386,0.005309162071864897,0.01551649534001478,-0.0021079014396074803,-0.0008712679164735099,-0.007727671537977326,-0.005040710873923325,0.0014580295222409913,0.0013243864141391603,-0.004274905281084886,-0.0007148212600481836,-0.004487758759970645,0.03187924920355895,-0.002241810337908203,-0.0010230680122913728,-0.007286609892107971,-0.001646251254649073,0.0011484309032349558,-0.0007069479433896309,0.0005989071355705604,0.002056430885933485,0.0005174035115790554,-0.021430482176500204,-0.002552409421740086,-0.004047881568372516,-0.0027922178996658085,-0.0010417911736899687,-0.0014021319417535192,-0.0011032230983832438,0.022389346774370496,0.002961884069312878,-0.006337881993526906,-0.002506078149424251
0.004982165614196546,-0.001534954584875748,0.0029615176665413567,0.0028315665889290307,-0.00352225373493239,-0.000994310084402528,0.005903054163478203,0.0007042432102999723,0.0001393889786600153,-0.00014816572677381478,0.0032953857038390054,0.006176784143858664,-0.009488925002846267,0.015462208935580968,0.0018113477742353452,0.002759316728860741,0.009183186219232893,0.005278909207486037,-0.0006736098534865973,-0.004457713612351103,0.0007983442981848456,0.0007195286435654221,-0.0017091366999524432,0.00530830709437491,-0.002704539231965816,4.533205364602566e-05,-0.0010509056286754062,-0.004140737379183567,-0.00638437186164848,0.002420081819643448,-0.0010333076081849217,0.013181703591619418,0.0003179545231619381,-0.006451539014342764,-0.0031918968360452036,0.005613309273747293,-0.0033550784463191115,-0.002620285208224264,0.0014537916897049206,-0.0009384882450241531,0.001929957844970787,0.006981398721505159,-0.00915625712535107,-0.018915275486268927,-0.0060322597085622955,-0.002024890750446802,0.0007623186978272243,-0.0019121118038999121,0.0015643778427687008,-0.0013858350094545647,-0.005835912571478386,0.005309162071864897,0.01551649534001478,-0.0021079014396074803,-0.0008712679164735099,-0.007727671537977326,-0.004753876140029767,0.0014580295222409913,0.0013853400222518053,-0.004274905281084886,-0.0007148212600481836,-0.004487758759970645,0.03187924920355895,-0.002241810337908203,-0.0010230680122913728,-0.007286609892107971,-0.001646251254649073,0.0011484309032349558,-0.0007069479433896309,0.0005989071355705604,0.002056430885933485,0.0005174035115790554,-0.021369528568387558,-0.002552409421740086,-0.004047881568372516,-0.0027922178996658085,-0.0010417911736899687,-0.0014021319417535192,-0.0011032230983832438,0.022389346774370496,0.002961884069312878,-0.006337881993526906,-0.002506078149424251
0.003123650195161588,-0.001534954584875748,0.0029615176665413567,0.0028315665889290307,-0.00348382432808193,-0.000994310084402528,0.005903054163478203,0.0007042432102999723,0.00022034533781186335,-0.00014816572677381478,0.0032953857038390054,0.006091203726952948,-0.010410069934152904,0.015608907829866188,0.0018113477742353452,0.0027621853461871895,0.009183186219232893,0.005278909207486037,-0.0006736098534865973,-0.004457713612351103,0.0006851321933356036,0.0007195286435654221,-0.0017091366999524432,0.005220990656328707,-0.002704539231965816,4.533205364602566e-05,-0.0010509056286754062,-0.0046099250542535955,-0.006867961788847429,0.002420081819643448,-0.0010333076081849217,0.012850969900526999,0.0003179545231619381,-0.0064544729364496185,-0.0031918968360452036,0.00510012154251445,-0.0033550784463191115,-0.002620285208224264,0.0014537916897049206,-0.0009384882450241531,0.0019824770204551942,0.006981398721505159,-0.00915625712535107,-0.019051500402300504,-0.0060322597085622955,-0.002024890750446802,0.0007623186978272243,-0.0019121118038999121,0.0015643778427687008,-0.0013858350094545647,-0.006174168634785957,0.005270985783420079,0.015297993492601946,-0.0021079014396074803,-0.0008712679164735099,-0.007269046970694014,-0.005040710873923325,0.0014580295222409913,0.0013853400222518053,-0.004274905281084886,-0.0007148212600481836,-0.004487758759970645,0.03187924920355895,-0.002241810337908203,-0.0010230680122913728,-0.007286609892107971,-0.001646251254649073,0.0011484309032349558,-0.0007069479433896309,0.0005989071355705604,0.002056430885933485,0.0005174035115790554,-0.020848920775112804,-0.0025607387768739522,-0.004047881568372516,-0.0027922178996658085,-0.0010417911736899687,-0.0014323234155540156,-0.0011032230983832438,0.022389346774370496,0.002961884069312878,-0.006337881993526906,-0.002506078149424251
-0.005941305839920785,-0.0010066585058706391,0.003023730469331545,0.0030481404518470897,-0.0028011007576124298,-0.0007262795702697955,0.006346542661615899,0.0004900714171808107,0.00014830014546591896,-0.001141095482354271,0.0036966528481575086,0.006249883307374424,-0.00939503188170823,0.015985739147697818,0.001959976557631094,0.003315365076097107,0.009553246520954147,0.004983542868096384,-0.0006736098534865973,-0.004360053666900951,0.0010593691122500056,0.0006712473650209856,-0.0014177783198531556,0.004977704567930518,-0.0024665908572619587,-6.001928996991176e-05,-0.0008221875475388365,-0.004040040821332137,-0.006374225179750992,0.0023881307825700227,-0.0010333076081849217,0.01459117435559999,0.00038368034713576497,-0.005778371652701521,-0.0029518508658545432,0.005800330678646151,-0.0035368535689328305,-0.002498493164389653,0.0014537916897049206,-0.0009384882450241531,0.0012737232406961434,0.007465929122235525,-0.008760271891732964,-0.018113064821669102,-0.0072284607987593424,-0.0014351798115407243,0.0007499166454896188,-0.0018083145480410293,-0.0005216199300069139,-0.0012021679582507536,-0.00573654987150421,0.004239542269165757,0.01565221572481292,-0.0015910113190659811,-0.0008712679164735099,-0.007607984565443952,-0.005172973399955991,0.0016148203087310259,0.0016567918125239601,-0.004274905281084886,-0.0010289409959844573,-0.004255068781030667,0.03196884350991679,-0.0019280526118950873,-0.0009237395129714901,-0.007584029584347496,-0.0017135679753438984,0.001136662824737554,-0.0004715446635509236,0.0005989071355705604,0.00208955565041166,0.0005174035115790554,-0.021669676850062047,-0.002178803421107497,-0.004038736306257645,-0.002957203612063254,-0.0010138319976517125,-0.0014618896327915415,-0.0011032230983832438,0.021912155230631135,0.0030530210025550746,-0.006285845052478615,-0.0025237415279879263
0.0031049157172434363,-0.001363096367904749,0.0029615176665413567,0.0028315665889290307,-0.00348382432808193,-0.00139959461965484,0.005903054163478203,0.0007042432102999723,0.00022034533781186335,-0.00032002394374481375,0.0032953857038390054,0.006091203726952948,-0.009488925002846267,0.015462208935580968,0.0018113477742353452,0.0027621853461871895,0.009183186219232893,0.005278909207486037,-0.0006736098534865973,-0.004457713612351103,0.0006851321933356036,0.0007195286435654221,-0.0017091366999524432,0.005226054335935888,-0.002704539231965816,4.533205364602566e-05,-0.0010509056286754062,-0.0046099250542535955,-0.006867961788847429,0.002420081819643448,-0.0010333076081849217,0.012850969900526999,0.0003179545231619381,-0.0064544729364496185,-0.0031918968360452036,0.00510012154251445,-0.0033550784463191115,-0.002620285208224264,0.0014537916897049206,-0.0009384882450241531,0.0020645801149314024,0.006981398721505159,-0.00915625712535107,-0.019051500402300504,-0.0060322597085622955,-0.002024890750446802,0.0007623186978272243,-0.0019121118038999121,0.0015643778427687008,-0.0013858350094545647,-0.005835912571478386,0.0053005153897488265,0.015297993492601946,-0.0021079014396074803,-0.0008712679164735099,-0.007269046970694014,-0.004595360186897022,0.0014580295222409913,0.0013853400222518053,-0.004274905281084886,-0.0007148212600481836,-0.004487758759970645,0.03187924920355895,-0.002241810337908203,-0.0010230680122913728,-0.007326676043881964,-0.001646251254649073,0.0011484309032349558,-0.0007069479433896309,0.0005989071355705604,0.002056430885933485,0.0005174035115790554,-0.020867655253030956,-0.0025607387768739522,-0.004047881568372516,-0.0027922178996658085,-0.0010417911736899687,-0.0014294477456536412,-0.0011032230983832438,0.022389346774370496,0.002961884069312878,-0.006337881993526906,-0.002506078149424251
0.002605887443472323,-0.0021214536665353887,0.0029615176665413567,0.0033657880998022587,-0.003942348157704792,-0.0007211746727011807,0.007059099381779971,0.000700344150334021,0.00014830014546591896,-9.14265713504489e-05,0.0035548881318124836,0.005813677301810288,-0.00952484239426629,0.015343469229576266,0.001863953700218369,0.0027621853461871895,0.009248481559304494,0.0052372075507467865,-0.0006657691839917926,-0.004364696168575507,0.0006851321933356036,0.0007908645899013684,-0.0017333374412347538,0.005116725890846431,-0.002411639975708968,-2.220476588125945e-05,-0.0004128308223926379,-0.005309062324288674,-0.00624116965322888,0.0026640745299597647,-0.0010333076081849217,0.012465923057414192,0.0019952574169720093,-0.006233251471582681,-0.0032348613902879533,0.005593874016975081,-0.0035344229113778622,-0.002620285208224264,0.0014199642766941772,-0.0009261501458519845,0.0019599891225030638,0.007014259405681216,-0.009146405283646871,-0.019253934372878753,-0.0064689421248475655,-0.001556586044764904,0.0007436991743741885,-0.001854398647606158,0.0011449619561132867,-0.0011559874367971438,0.00043423651443442123,0.01262425766237645,0.01469157277194322,-0.002102597434303475,-0.001024946964190596,-0.00804684273995228,-0.004732059263558786,0.0017350611669197128,0.0016700582702984421,-0.003678911014833785,-0.0007319779909568601,-0.004487758759970645,0.03047911422896696,-0.002039112553782097,-0.0005020685439234833,-0.0069467020218160515,-0.0015965177102617888,0.0009306824743787423,-0.0005884944433397364,0.0005639677262922533,0.0021683030320522067,0.0005615121413714458,-0.0214631531396223,-0.0017295866970171634,-0.004056576775778787,-0.002668921815023382,-0.0010158508891731353,-0.0013599147298511435,-0.0011474277200526541,0.021958395123452934,0.0030216105621221514,-0.005971599331451771,-0.002506078149424251
0.00396243284184321,-0.001534954584875748,0.0029615176665413567,0.0028315665889290307,-0.003092081666104859,-0.000994310084402528,0.005903054163478203,0.0007042432102999723,0.0001393889786600153,-0.00014816572677381478,0.0033670866954484636,0.006123534003525123,-0.009488925002846267,0.015462208935580968,0.0018113477742353452,0.0027621853461871895,0.009183186219232893,0.005278909207486037,-0.0006736098534865973,-0.004457713612351103,0.0006851321933356036,0.0007195286435654221,-0.0017091366999524432,0.00530830709437491,-0.002704539231965816,4.533205364602566e-05,-0.0010509056286754062,-0.0046099250542535955,-0.00638437186164848,0.002420081819643448,-0.0010333076081849217,0.012770013541375152,0.0003179545231619381,-0.006451539014342764,-0.0032348613902879533,0.005613309273747293,-0.0033550784463191115,-0.002620285208224264,0.0014537916897049206,-0.0009384882450241531,0.001929957844970787,0.006981398721505159,-0.00915625712535107,-0.018915275486268927,-0.0060322597085622955,-0.002024890750446802,0.0007623186978272243,-0.0019121118038999121,0.0015643778427687008,-0.0013858350094545647,-0.005835912571478386,0.005323986099352161,0.015476420389930431,-0.0021079014396074803,-0.0008712679164735099,-0.007727671537977326,-0.0050992245049396425,0.0014580295222409913,0.0013853400222518053,-0.004274905281084886,-0.0007580531572654024,-0.004487758759970645,0.03187924920355895,-0.002039112553782097,-0.0010230680122913728,-0.0073840376694184065,-0.001646251254649073,0.001136662824737554,-0.0007069479433896309,0.0005989071355705604,0.002056430885933485,0.0005174035115790554,-0.02141249312263031,-0.00238900652501952,-0.004047881568372516,-0.0027922178996658085,-0.0010158508891731353,-0.0014021319417535192,-0.0011032230983832438,0.02307361750727288,0.002961884069312878,-0.006018307547207026,-0.002506078149424251
0.004982165614196546,-0.001363096367904749,0.0029615176665413567,0.0028315665889290307,-0.00352225373493239,-0.000994310084402528,0.005903054163478203,0.0007042432102999723,0.0001393889786600153,-0.001319099012368755,0.0032953857038390054,0.006091203726952948,-0.010958822768620025,0.01608342921736856,0.0018113477742353452,0.0027621853461871895,0.00869983498400197,0.005203395748513932,-0.0006736098534865973,-0.004457713612351103,0.0006851321933356036,0.0007195286435654221,-0.0017091366999524432,0.00530830709437491,-0.002704539231965816,4.533205364602566e-05,-0.0010509056286754062,-0.0046099250542535955,-0.00638437186164848,0.002420081819643448,-0.0010333076081849217,0.012770013541375152,0.0003179545231619381,-0.006451539014342764,-0.0031973025070855493,0.005613309273747293,-0.0035344229113778622,-0.002620285208224264,0.0014537916897049206,-0.0009384882450241531,0.001847854750494579,0.006981398721505159,-0.00915625712535107,-0.019070430867413377,-0.0060322597085622955,-0.002024890750446802,0.0007623186978272243,-0.0019121118038999121,0.0015643778427687008,-0.0013858350094545647,-0.006174168634785957,0.006600859309300625,0.01571748482671855,-0.0021079014396074803,-0.001024946964190596,-0.007727671537977326,-0.005040710873923325,0.001678250571176168,0.0013853400222518053,-0.004274905281084886,-0.0007148212600481836,-0.004487758759970645,0.03180373574458685,-0.002241810337908203,-0.0010230680122913728,-0.007286609892107971,-0.001646251254649073,0.0011399489113626366,-0.0005884944433397364,0.0005989071355705604,0.002056430885933485,0.0005174035115790554,-0.021369528568387558,-0.002552409421740086,-0.004047881568372516,-0.0027922178996658085,-0.0010417911736899687,-0.0014021319417535192,-0.0011032230983832438,0.02275394875551383,0.002961884069312878,-0.006337881993526906,-0.00253310650462598
0.003123650195161588,-0.0015089887108960098,0.0029615176665413567,0.0028315665889290307,-0.00348382432808193,-0.00139959461965484,0.005903054163478203,0.0007042432102999723,0.00022034533781186335,-6.443366935754686e-05,0.0032953857038390054,0.006091203726952948,-0.009488925002846267,0.015462208935580968,0.0018113477742353452,0.002769350326000253,0.009162434108954644,0.005278909207486037,-0.0006736098534865973,-0.004457713612351103,0.0006851321933356036,0.0005999114186850393,-0.0018444562490893663,0.004643062611400935,-0.002704539231965816,4.533205364602566e-05,-0.0006415489035292075,-0.0046099250542535955,-0.006867961788847429,0.002420081819643448,-0.0010333076081849217,0.012850969900526999,0.0022935128824269242,-0.0064544729364496185,-0.0031918968360452036,0.005000631362719249,-0.003733508442918957,-0.002620285208224264,0.0014537916897049206,-0.0009384882450241531,0.002143478666221837,0.006981398721505159,-0.00915625712535107,-0.01903820359709825,-0.0060322597085622955,-0.002024890750446802,0.0007623186978272243,-0.0019121118038999121,0.0015643778427687008,-0.0013858350094545647,-0.005735824689435616,0.00530219687617923,0.01582032638826637,-0.0021079014396074803,-0.0008712679164735099,-0.007269046970694014,-0.004595360186897022,0.0014580295222409913,0.0013853400222518053,-0.004274905281084886,-0.0007148212600481836,-0.004487758759970645,0.03176757154842996,-0.002792418386870433,-0.00048253920108586983,-0.007326676043881964,-0.001646251254649073,0.0011484309032349558,-0.0006766647732109905,0.0005989071355705604,0.002056430885933485,0.0005174035115790554,-0.020848920775112804,-0.0025607387768739522,-0.004047881568372516,-0.0027922178996658085,-0.0010417911736899687,-0.0014323234155540156,-0.0011032230983832438,0.022389346774370496,0.0030530210025550746,-0.006337881993526906,-0.002506078149424251
