path,modality,vocal_channel,emotion_code,intensity,statement,repetition,actor,emotion
Audio_Speech_Actors_01-24/Actor_16/03-01-05-01-02-01-16.wav,3,1,5,1,2,1,16,angry
Audio_Speech_Actors_01-24/Actor_16/03-01-06-01-02-02-16.wav,3,1,6,1,2,2,16,fearful
Audio_Speech_Actors_01-24/Actor_16/03-01-06-02-01-02-16.wav,3,1,6,2,1,2,16,fearful
Audio_Speech_Actors_01-24/Actor_16/03-01-05-02-01-01-16.wav,3,1,5,2,1,1,16,angry
Audio_Speech_Actors_01-24/Actor_16/03-01-07-01-01-01-16.wav,3,1,7,1,1,1,16,disgust
Audio_Speech_Actors_01-24/Actor_16/03-01-04-01-01-02-16.wav,3,1,4,1,1,2,16,sad
Audio_Speech_Actors_01-24/Actor_16/03-01-04-02-02-02-16.wav,3,1,4,2,2,2,16,sad
Audio_Speech_Actors_01-24/Actor_16/03-01-07-02-02-01-16.wav,3,1,7,2,2,1,16,disgust
Audio_Speech_Actors_01-24/Actor_16/03-01-08-02-02-01-16.wav,3,1,8,2,2,1,16,surprised
Audio_Speech_Actors_01-24/Actor_16/03-01-08-01-01-01-16.wav,3,1,8,1,1,1,16,surprised
Audio_Speech_Actors_01-24/Actor_16/03-01-03-02-02-02-16.wav,3,1,3,2,2,2,16,happy
Audio_Speech_Actors_01-24/Actor_16/03-01-03-01-01-02-16.wav,3,1,3,1,1,2,16,happy
Audio_Speech_Actors_01-24/Actor_16/03-01-02-02-01-01-16.wav,3,1,2,2,1,1,16,calm
Audio_Speech_Actors_01-24/Actor_16/03-01-01-01-02-02-16.wav,3,1,1,1,2,2,16,neutral
Audio_Speech_Actors_01-24/Actor_16/03-01-02-01-02-01-16.wav,3,1,2,1,2,1,16,calm
Audio_Speech_Actors_01-24/Actor_16/03-01-03-02-01-01-16.wav,3,1,3,2,1,1,16,happy
Audio_Speech_Actors_01-24/Actor_16/03-01-03-01-02-01-16.wav,3,1,3,1,2,1,16,happy
Audio_Speech_Actors_01-24/Actor_16/03-01-02-02-02-02-16.wav,3,1,2,2,2,2,16,calm
Audio_Speech_Actors_01-24/Actor_16/03-01-02-01-01-02-16.wav,3,1,2,1,1,2,16,calm
Audio_Speech_Actors_01-24/Actor_16/03-01-01-01-01-01-16.wav,3,1,1,1,1,1,16,neutral
Audio_Speech_Actors_01-24/Actor_16/03-01-06-01-01-01-16.wav,3,1,6,1,1,1,16,fearful
Audio_Speech_Actors_01-24/Actor_16/03-01-05-01-01-02-16.wav,3,1,5,1,1,2,16,angry
Audio_Speech_Actors_01-24/Actor_16/03-01-05-02-02-02-16.wav,3,1,5,2,2,2,16,angry
Audio_Speech_Actors_01-24/Actor_16/03-01-06-02-02-01-16.wav,3,1,6,2,2,1,16,fearful
Audio_Speech_Actors_01-24/Actor_16/03-01-04-01-02-01-16.wav,3,1,4,1,2,1,16,sad
Audio_Speech_Actors_01-24/Actor_16/03-01-07-01-02-02-16.wav,3,1,7,1,2,2,16,disgust
Audio_Speech_Actors_01-24/Actor_16/03-01-07-02-01-02-16.wav,3,1,7,2,1,2,16,disgust
Audio_Speech_Actors_01-24/Actor_16/03-01-04-02-01-01-16.wav,3,1,4,2,1,1,16,sad
Audio_Speech_Actors_01-24/Actor_16/03-01-08-02-01-02-16.wav,3,1,8,2,1,2,16,surprised
Audio_Speech_Actors_01-24/Actor_16/03-01-08-01-02-02-16.wav,3,1,8,1,2,2,16,surprised
Audio_Speech_Actors_01-24/Actor_16/03-01-02-01-02-02-16.wav,3,1,2,1,2,2,16,calm
Audio_Speech_Actors_01-24/Actor_16/03-01-01-01-02-01-16.wav,3,1,1,1,2,1,16,neutral
Audio_Speech_Actors_01-24/Actor_16/03-01-02-02-01-02-16.wav,3,1,2,2,1,2,16,calm
Audio_Speech_Actors_01-24/Actor_16/03-01-03-01-01-01-16.wav,3,1,3,1,1,1,16,happy
Audio_Speech_Actors_01-24/Actor_16/03-01-03-02-02-01-16.wav,3,1,3,2,2,1,16,happy
Audio_Speech_Actors_01-24/Actor_16/03-01-07-02-02-02-16.wav,3,1,7,2,2,2,16,disgust
Audio_Speech_Actors_01-24/Actor_16/03-01-04-02-02-01-16.wav,3,1,4,2,2,1,16,sad
Audio_Speech_Actors_01-24/Actor_16/03-01-04-01-01-01-16.wav,3,1,4,1,1,1,16,sad
Audio_Speech_Actors_01-24/Actor_16/03-01-07-01-01-02-16.wav,3,1,7,1,1,2,16,disgust
Audio_Speech_Actors_01-24/Actor_16/03-01-05-02-01-02-16.wav,3,1,5,2,1,2,16,angry
Audio_Speech_Actors_01-24/Actor_16/03-01-06-02-01-01-16.wav,3,1,6,2,1,1,16,fearful
Audio_Speech_Actors_01-24/Actor_16/03-01-06-01-02-01-16.wav,3,1,6,1,2,1,16,fearful
Audio_Speech_Actors_01-24/Actor_16/03-01-05-01-02-02-16.wav,3,1,5,1,2,2,16,angry
Audio_Speech_Actors_01-24/Actor_16/03-01-08-01-01-02-16.wav,3,1,8,1,1,2,16,surprised
Audio_Speech_Actors_01-24/Actor_16/03-01-08-02-02-02-16.wav,3,1,8,2,2,2,16,surprised
Audio_Speech_Actors_01-24/Actor_16/03-01-04-02-01-02-16.wav,3,1,4,2,1,2,16,sad
Audio_Speech_Actors_01-24/Actor_16/03-01-07-02-01-01-16.wav,3,1,7,2,1,1,16,disgust
Audio_Speech_Actors_01-24/Actor_16/03-01-07-01-02-01-16.wav,3,1,7,1,2,1,16,disgust
Audio_Speech_Actors_01-24/Actor_16/03-01-04-01-02-02-16.wav,3,1,4,1,2,2,16,sad
Audio_Speech_Actors_01-24/Actor_16/03-01-06-02-02-02-16.wav,3,1,6,2,2,2,16,fearful
Audio_Speech_Actors_01-24/Actor_16/03-01-05-02-02-01-16.wav,3,1,5,2,2,1,16,angry
Audio_Speech_Actors_01-24/Actor_16/03-01-05-01-01-01-16.wav,3,1,5,1,1,1,16,angry
Audio_Speech_Actors_01-24/Actor_16/03-01-06-01-01-02-16.wav,3,1,6,1,1,2,16,fearful
Audio_Speech_Actors_01-24/Actor_16/03-01-08-01-02-01-16.wav,3,1,8,1,2,1,16,surprised
Audio_Speech_Actors_01-24/Actor_16/03-01-08-02-01-01-16.wav,3,1,8,2,1,1,16,surprised
Audio_Speech_Actors_01-24/Actor_16/03-01-01-01-01-02-16.wav,3,1,1,1,1,2,16,neutral
Audio_Speech_Actors_01-24/Actor_16/03-01-02-01-01-01-16.wav,3,1,2,1,1,1,16,calm
Audio_Speech_Actors_01-24/Actor_16/03-01-02-02-02-01-16.wav,3,1,2,2,2,1,16,calm
Audio_Speech_Actors_01-24/Actor_16/03-01-03-01-02-02-16.wav,3,1,3,1,2,2,16,happy
Audio_Speech_Actors_01-24/Actor_16/03-01-03-02-01-02-16.wav,3,1,3,2,1,2,16,happy
Audio_Speech_Actors_01-24/Actor_11/03-01-01-01-02-02-11.wav,3,1,1,1,2,2,11,neutral
Audio_Speech_Actors_01-24/Actor_11/03-01-02-01-02-01-11.wav,3,1,2,1,2,1,11,calm
Audio_Speech_Actors_01-24/Actor_11/03-01-02-02-01-01-11.wav,3,1,2,2,1,1,11,calm
Audio_Speech_Actors_01-24/Actor_11/03-01-03-01-01-02-11.wav,3,1,3,1,1,2,11,happy
Audio_Speech_Actors_01-24/Actor_11/03-01-03-02-02-02-11.wav,3,1,3,2,2,2,11,happy
Audio_Speech_Actors_01-24/Actor_11/03-01-04-02-02-02-11.wav,3,1,4,2,2,2,11,sad
Audio_Speech_Actors_01-24/Actor_11/03-01-07-02-02-01-11.wav,3,1,7,2,2,1,11,disgust
Audio_Speech_Actors_01-24/Actor_11/03-01-07-01-01-01-11.wav,3,1,7,1,1,1,11,disgust
Audio_Speech_Actors_01-24/Actor_11/03-01-04-01-01-02-11.wav,3,1,4,1,1,2,11,sad
Audio_Speech_Actors_01-24/Actor_11/03-01-06-02-01-02-11.wav,3,1,6,2,1,2,11,fearful
Audio_Speech_Actors_01-24/Actor_11/03-01-05-02-01-01-11.wav,3,1,5,2,1,1,11,angry
Audio_Speech_Actors_01-24/Actor_11/03-01-05-01-02-01-11.wav,3,1,5,1,2,1,11,angry
Audio_Speech_Actors_01-24/Actor_11/03-01-06-01-02-02-11.wav,3,1,6,1,2,2,11,fearful
Audio_Speech_Actors_01-24/Actor_11/03-01-08-01-01-01-11.wav,3,1,8,1,1,1,11,surprised
Audio_Speech_Actors_01-24/Actor_11/03-01-08-02-02-01-11.wav,3,1,8,2,2,1,11,surprised
Audio_Speech_Actors_01-24/Actor_11/03-01-07-02-01-02-11.wav,3,1,7,2,1,2,11,disgust
Audio_Speech_Actors_01-24/Actor_11/03-01-04-02-01-01-11.wav,3,1,4,2,1,1,11,sad
Audio_Speech_Actors_01-24/Actor_11/03-01-04-01-02-01-11.wav,3,1,4,1,2,1,11,sad
Audio_Speech_Actors_01-24/Actor_11/03-01-07-01-02-02-11.wav,3,1,7,1,2,2,11,disgust
Audio_Speech_Actors_01-24/Actor_11/03-01-05-02-02-02-11.wav,3,1,5,2,2,2,11,angry
Audio_Speech_Actors_01-24/Actor_11/03-01-06-02-02-01-11.wav,3,1,6,2,2,1,11,fearful
Audio_Speech_Actors_01-24/Actor_11/03-01-06-01-01-01-11.wav,3,1,6,1,1,1,11,fearful
Audio_Speech_Actors_01-24/Actor_11/03-01-05-01-01-02-11.wav,3,1,5,1,1,2,11,angry
Audio_Speech_Actors_01-24/Actor_11/03-01-08-01-02-02-11.wav,3,1,8,1,2,2,11,surprised
Audio_Speech_Actors_01-24/Actor_11/03-01-08-02-01-02-11.wav,3,1,8,2,1,2,11,surprised
Audio_Speech_Actors_01-24/Actor_11/03-01-02-01-01-02-11.wav,3,1,2,1,1,2,11,calm
Audio_Speech_Actors_01-24/Actor_11/03-01-01-01-01-01-11.wav,3,1,1,1,1,1,11,neutral
Audio_Speech_Actors_01-24/Actor_11/03-01-02-02-02-02-11.wav,3,1,2,2,2,2,11,calm
Audio_Speech_Actors_01-24/Actor_11/03-01-03-01-02-01-11.wav,3,1,3,1,2,1,11,happy
Audio_Speech_Actors_01-24/Actor_11/03-01-03-02-01-01-11.wav,3,1,3,2,1,1,11,happy
Audio_Speech_Actors_01-24/Actor_11/03-01-06-01-02-01-11.wav,3,1,6,1,2,1,11,fearful
Audio_Speech_Actors_01-24/Actor_11/03-01-05-01-02-02-11.wav,3,1,5,1,2,2,11,angry
Audio_Speech_Actors_01-24/Actor_11/03-01-05-02-01-02-11.wav,3,1,5,2,1,2,11,angry
Audio_Speech_Actors_01-24/Actor_11/03-01-06-02-01-01-11.wav,3,1,6,2,1,1,11,fearful
Audio_Speech_Actors_01-24/Actor_11/03-01-04-01-01-01-11.wav,3,1,4,1,1,1,11,sad
Audio_Speech_Actors_01-24/Actor_11/03-01-07-01-01-02-11.wav,3,1,7,1,1,2,11,disgust
Audio_Speech_Actors_01-24/Actor_11/03-01-07-02-02-02-11.wav,3,1,7,2,2,2,11,disgust
Audio_Speech_Actors_01-24/Actor_11/03-01-04-02-02-01-11.wav,3,1,4,2,2,1,11,sad
Audio_Speech_Actors_01-24/Actor_11/03-01-08-02-02-02-11.wav,3,1,8,2,2,2,11,surprised
Audio_Speech_Actors_01-24/Actor_11/03-01-08-01-01-02-11.wav,3,1,8,1,1,2,11,surprised
Audio_Speech_Actors_01-24/Actor_11/03-01-03-02-02-01-11.wav,3,1,3,2,2,1,11,happy
Audio_Speech_Actors_01-24/Actor_11/03-01-03-01-01-01-11.wav,3,1,3,1,1,1,11,happy
Audio_Speech_Actors_01-24/Actor_11/03-01-02-02-01-02-11.wav,3,1,2,2,1,2,11,calm
Audio_Speech_Actors_01-24/Actor_11/03-01-02-01-02-02-11.wav,3,1,2,1,2,2,11,calm
Audio_Speech_Actors_01-24/Actor_11/03-01-01-01-02-01-11.wav,3,1,1,1,2,1,11,neutral
Audio_Speech_Actors_01-24/Actor_11/03-01-03-02-01-02-11.wav,3,1,3,2,1,2,11,happy
Audio_Speech_Actors_01-24/Actor_11/03-01-03-01-02-02-11.wav,3,1,3,1,2,2,11,happy
Audio_Speech_Actors_01-24/Actor_11/03-01-02-02-02-01-11.wav,3,1,2,2,2,1,11,calm
Audio_Speech_Actors_01-24/Actor_11/03-01-01-01-01-02-11.wav,3,1,1,1,1,2,11,neutral
Audio_Speech_Actors_01-24/Actor_11/03-01-02-01-01-01-11.wav,3,1,2,1,1,1,11,calm
Audio_Speech_Actors_01-24/Actor_11/03-01-05-01-01-01-11.wav,3,1,5,1,1,1,11,angry
Audio_Speech_Actors_01-24/Actor_11/03-01-06-01-01-02-11.wav,3,1,6,1,1,2,11,fearful
Audio_Speech_Actors_01-24/Actor_11/03-01-06-02-02-02-11.wav,3,1,6,2,2,2,11,fearful
Audio_Speech_Actors_01-24/Actor_11/03-01-05-02-02-01-11.wav,3,1,5,2,2,1,11,angry
Audio_Speech_Actors_01-24/Actor_11/03-01-07-01-02-01-11.wav,3,1,7,1,2,1,11,disgust
Audio_Speech_Actors_01-24/Actor_11/03-01-04-01-02-02-11.wav,3,1,4,1,2,2,11,sad
Audio_Speech_Actors_01-24/Actor_11/03-01-04-02-01-02-11.wav,3,1,4,2,1,2,11,sad
Audio_Speech_Actors_01-24/Actor_11/03-01-07-02-01-01-11.wav,3,1,7,2,1,1,11,disgust
Audio_Speech_Actors_01-24/Actor_11/03-01-08-02-01-01-11.wav,3,1,8,2,1,1,11,surprised
Audio_Speech_Actors_01-24/Actor_11/03-01-08-01-02-01-11.wav,3,1,8,1,2,1,11,surprised
Audio_Speech_Actors_01-24/Actor_18/03-01-03-02-01-02-18.wav,3,1,3,2,1,2,18,happy
Audio_Speech_Actors_01-24/Actor_18/03-01-03-01-02-02-18.wav,3,1,3,1,2,2,18,happy
Audio_Speech_Actors_01-24/Actor_18/03-01-02-02-02-01-18.wav,3,1,2,2,2,1,18,calm
Audio_Speech_Actors_01-24/Actor_18/03-01-02-01-01-01-18.wav,3,1,2,1,1,1,18,calm
Audio_Speech_Actors_01-24/Actor_18/03-01-01-01-01-02-18.wav,3,1,1,1,1,2,18,neutral
Audio_Speech_Actors_01-24/Actor_18/03-01-06-01-01-02-18.wav,3,1,6,1,1,2,18,fearful
Audio_Speech_Actors_01-24/Actor_18/03-01-05-01-01-01-18.wav,3,1,5,1,1,1,18,angry
Audio_Speech_Actors_01-24/Actor_18/03-01-05-02-02-01-18.wav,3,1,5,2,2,1,18,angry
Audio_Speech_Actors_01-24/Actor_18/03-01-06-02-02-02-18.wav,3,1,6,2,2,2,18,fearful
Audio_Speech_Actors_01-24/Actor_18/03-01-04-01-02-02-18.wav,3,1,4,1,2,2,18,sad
Audio_Speech_Actors_01-24/Actor_18/03-01-07-01-02-01-18.wav,3,1,7,1,2,1,18,disgust
Audio_Speech_Actors_01-24/Actor_18/03-01-07-02-01-01-18.wav,3,1,7,2,1,1,18,disgust
Audio_Speech_Actors_01-24/Actor_18/03-01-04-02-01-02-18.wav,3,1,4,2,1,2,18,sad
Audio_Speech_Actors_01-24/Actor_18/03-01-08-02-01-01-18.wav,3,1,8,2,1,1,18,surprised
Audio_Speech_Actors_01-24/Actor_18/03-01-08-01-02-01-18.wav,3,1,8,1,2,1,18,surprised
Audio_Speech_Actors_01-24/Actor_18/03-01-05-01-02-02-18.wav,3,1,5,1,2,2,18,angry
Audio_Speech_Actors_01-24/Actor_18/03-01-06-01-02-01-18.wav,3,1,6,1,2,1,18,fearful
Audio_Speech_Actors_01-24/Actor_18/03-01-06-02-01-01-18.wav,3,1,6,2,1,1,18,fearful
Audio_Speech_Actors_01-24/Actor_18/03-01-05-02-01-02-18.wav,3,1,5,2,1,2,18,angry
Audio_Speech_Actors_01-24/Actor_18/03-01-07-01-01-02-18.wav,3,1,7,1,1,2,18,disgust
Audio_Speech_Actors_01-24/Actor_18/03-01-04-01-01-01-18.wav,3,1,4,1,1,1,18,sad
Audio_Speech_Actors_01-24/Actor_18/03-01-04-02-02-01-18.wav,3,1,4,2,2,1,18,sad
Audio_Speech_Actors_01-24/Actor_18/03-01-07-02-02-02-18.wav,3,1,7,2,2,2,18,disgust
Audio_Speech_Actors_01-24/Actor_18/03-01-08-02-02-02-18.wav,3,1,8,2,2,2,18,surprised
Audio_Speech_Actors_01-24/Actor_18/03-01-08-01-01-02-18.wav,3,1,8,1,1,2,18,surprised
Audio_Speech_Actors_01-24/Actor_18/03-01-03-02-02-01-18.wav,3,1,3,2,2,1,18,happy
Audio_Speech_Actors_01-24/Actor_18/03-01-03-01-01-01-18.wav,3,1,3,1,1,1,18,happy
Audio_Speech_Actors_01-24/Actor_18/03-01-02-02-01-02-18.wav,3,1,2,2,1,2,18,calm
Audio_Speech_Actors_01-24/Actor_18/03-01-01-01-02-01-18.wav,3,1,1,1,2,1,18,neutral
Audio_Speech_Actors_01-24/Actor_18/03-01-02-01-02-02-18.wav,3,1,2,1,2,2,18,calm
Audio_Speech_Actors_01-24/Actor_18/03-01-04-02-01-01-18.wav,3,1,4,2,1,1,18,sad
Audio_Speech_Actors_01-24/Actor_18/03-01-07-02-01-02-18.wav,3,1,7,2,1,2,18,disgust
Audio_Speech_Actors_01-24/Actor_18/03-01-07-01-02-02-18.wav,3,1,7,1,2,2,18,disgust
Audio_Speech_Actors_01-24/Actor_18/03-01-04-01-02-01-18.wav,3,1,4,1,2,1,18,sad
Audio_Speech_Actors_01-24/Actor_18/03-01-06-02-02-01-18.wav,3,1,6,2,2,1,18,fearful
Audio_Speech_Actors_01-24/Actor_18/03-01-05-02-02-02-18.wav,3,1,5,2,2,2,18,angry
Audio_Speech_Actors_01-24/Actor_18/03-01-05-01-01-02-18.wav,3,1,5,1,1,2,18,angry
Audio_Speech_Actors_01-24/Actor_18/03-01-06-01-01-01-18.wav,3,1,6,1,1,1,18,fearful
Audio_Speech_Actors_01-24/Actor_18/03-01-08-01-02-02-18.wav,3,1,8,1,2,2,18,surprised
Audio_Speech_Actors_01-24/Actor_18/03-01-08-02-01-02-18.wav,3,1,8,2,1,2,18,surprised
Audio_Speech_Actors_01-24/Actor_18/03-01-01-01-01-01-18.wav,3,1,1,1,1,1,18,neutral
Audio_Speech_Actors_01-24/Actor_18/03-01-02-01-01-02-18.wav,3,1,2,1,1,2,18,calm
Audio_Speech_Actors_01-24/Actor_18/03-01-02-02-02-02-18.wav,3,1,2,2,2,2,18,calm
Audio_Speech_Actors_01-24/Actor_18/03-01-03-01-02-01-18.wav,3,1,3,1,2,1,18,happy
Audio_Speech_Actors_01-24/Actor_18/03-01-03-02-01-01-18.wav,3,1,3,2,1,1,18,happy
Audio_Speech_Actors_01-24/Actor_18/03-01-02-01-02-01-18.wav,3,1,2,1,2,1,18,calm
Audio_Speech_Actors_01-24/Actor_18/03-01-01-01-02-02-18.wav,3,1,1,1,2,2,18,neutral
Audio_Speech_Actors_01-24/Actor_18/03-01-02-02-01-01-18.wav,3,1,2,2,1,1,18,calm
Audio_Speech_Actors_01-24/Actor_18/03-01-03-01-01-02-18.wav,3,1,3,1,1,2,18,happy
Audio_Speech_Actors_01-24/Actor_18/03-01-03-02-02-02-18.wav,3,1,3,2,2,2,18,happy
Audio_Speech_Actors_01-24/Actor_18/03-01-07-02-02-01-18.wav,3,1,7,2,2,1,18,disgust
Audio_Speech_Actors_01-24/Actor_18/03-01-04-02-02-02-18.wav,3,1,4,2,2,2,18,sad
Audio_Speech_Actors_01-24/Actor_18/03-01-04-01-01-02-18.wav,3,1,4,1,1,2,18,sad
Audio_Speech_Actors_01-24/Actor_18/03-01-07-01-01-01-18.wav,3,1,7,1,1,1,18,disgust
Audio_Speech_Actors_01-24/Actor_18/03-01-05-02-01-01-18.wav,3,1,5,2,1,1,18,angry
Audio_Speech_Actors_01-24/Actor_18/03-01-06-02-01-02-18.wav,3,1,6,2,1,2,18,fearful
Audio_Speech_Actors_01-24/Actor_18/03-01-06-01-02-02-18.wav,3,1,6,1,2,2,18,fearful
Audio_Speech_Actors_01-24/Actor_18/03-01-05-01-02-01-18.wav,3,1,5,1,2,1,18,angry
Audio_Speech_Actors_01-24/Actor_18/03-01-08-01-01-01-18.wav,3,1,8,1,1,1,18,surprised
Audio_Speech_Actors_01-24/Actor_18/03-01-08-02-02-01-18.wav,3,1,8,2,2,1,18,surprised
Audio_Speech_Actors_01-24/Actor_20/03-01-08-01-02-01-20.wav,3,1,8,1,2,1,20,surprised
Audio_Speech_Actors_01-24/Actor_20/03-01-08-02-01-01-20.wav,3,1,8,2,1,1,20,surprised
Audio_Speech_Actors_01-24/Actor_20/03-01-04-02-01-02-20.wav,3,1,4,2,1,2,20,sad
Audio_Speech_Actors_01-24/Actor_20/03-01-07-02-01-01-20.wav,3,1,7,2,1,1,20,disgust
Audio_Speech_Actors_01-24/Actor_20/03-01-07-01-02-01-20.wav,3,1,7,1,2,1,20,disgust
Audio_Speech_Actors_01-24/Actor_20/03-01-04-01-02-02-20.wav,3,1,4,1,2,2,20,sad
Audio_Speech_Actors_01-24/Actor_20/03-01-06-02-02-02-20.wav,3,1,6,2,2,2,20,fearful
Audio_Speech_Actors_01-24/Actor_20/03-01-05-02-02-01-20.wav,3,1,5,2,2,1,20,angry
Audio_Speech_Actors_01-24/Actor_20/03-01-05-01-01-01-20.wav,3,1,5,1,1,1,20,angry
Audio_Speech_Actors_01-24/Actor_20/03-01-06-01-01-02-20.wav,3,1,6,1,1,2,20,fearful
Audio_Speech_Actors_01-24/Actor_20/03-01-01-01-01-02-20.wav,3,1,1,1,1,2,20,neutral
Audio_Speech_Actors_01-24/Actor_20/03-01-02-01-01-01-20.wav,3,1,2,1,1,1,20,calm
Audio_Speech_Actors_01-24/Actor_20/03-01-02-02-02-01-20.wav,3,1,2,2,2,1,20,calm
Audio_Speech_Actors_01-24/Actor_20/03-01-03-01-02-02-20.wav,3,1,3,1,2,2,20,happy
Audio_Speech_Actors_01-24/Actor_20/03-01-03-02-01-02-20.wav,3,1,3,2,1,2,20,happy
Audio_Speech_Actors_01-24/Actor_20/03-01-02-01-02-02-20.wav,3,1,2,1,2,2,20,calm
Audio_Speech_Actors_01-24/Actor_20/03-01-01-01-02-01-20.wav,3,1,1,1,2,1,20,neutral
Audio_Speech_Actors_01-24/Actor_20/03-01-02-02-01-02-20.wav,3,1,2,2,1,2,20,calm
Audio_Speech_Actors_01-24/Actor_20/03-01-03-01-01-01-20.wav,3,1,3,1,1,1,20,happy
Audio_Speech_Actors_01-24/Actor_20/03-01-03-02-02-01-20.wav,3,1,3,2,2,1,20,happy
Audio_Speech_Actors_01-24/Actor_20/03-01-08-01-01-02-20.wav,3,1,8,1,1,2,20,surprised
Audio_Speech_Actors_01-24/Actor_20/03-01-08-02-02-02-20.wav,3,1,8,2,2,2,20,surprised
Audio_Speech_Actors_01-24/Actor_20/03-01-07-02-02-02-20.wav,3,1,7,2,2,2,20,disgust
Audio_Speech_Actors_01-24/Actor_20/03-01-04-02-02-01-20.wav,3,1,4,2,2,1,20,sad
Audio_Speech_Actors_01-24/Actor_20/03-01-04-01-01-01-20.wav,3,1,4,1,1,1,20,sad
Audio_Speech_Actors_01-24/Actor_20/03-01-07-01-01-02-20.wav,3,1,7,1,1,2,20,disgust
Audio_Speech_Actors_01-24/Actor_20/03-01-05-02-01-02-20.wav,3,1,5,2,1,2,20,angry
Audio_Speech_Actors_01-24/Actor_20/03-01-06-02-01-01-20.wav,3,1,6,2,1,1,20,fearful
Audio_Speech_Actors_01-24/Actor_20/03-01-06-01-02-01-20.wav,3,1,6,1,2,1,20,fearful
Audio_Speech_Actors_01-24/Actor_20/03-01-05-01-02-02-20.wav,3,1,5,1,2,2,20,angry
Audio_Speech_Actors_01-24/Actor_20/03-01-03-02-01-01-20.wav,3,1,3,2,1,1,20,happy
Audio_Speech_Actors_01-24/Actor_20/03-01-03-01-02-01-20.wav,3,1,3,1,2,1,20,happy
Audio_Speech_Actors_01-24/Actor_20/03-01-02-02-02-02-20.wav,3,1,2,2,2,2,20,calm
Audio_Speech_Actors_01-24/Actor_20/03-01-02-01-01-02-20.wav,3,1,2,1,1,2,20,calm
Audio_Speech_Actors_01-24/Actor_20/03-01-01-01-01-01-20.wav,3,1,1,1,1,1,20,neutral
Audio_Speech_Actors_01-24/Actor_20/03-01-08-02-01-02-20.wav,3,1,8,2,1,2,20,surprised
Audio_Speech_Actors_01-24/Actor_20/03-01-08-01-02-02-20.wav,3,1,8,1,2,2,20,surprised
Audio_Speech_Actors_01-24/Actor_20/03-01-06-01-01-01-20.wav,3,1,6,1,1,1,20,fearful
Audio_Speech_Actors_01-24/Actor_20/03-01-05-01-01-02-20.wav,3,1,5,1,1,2,20,angry
Audio_Speech_Actors_01-24/Actor_20/03-01-05-02-02-02-20.wav,3,1,5,2,2,2,20,angry
Audio_Speech_Actors_01-24/Actor_20/03-01-06-02-02-01-20.wav,3,1,6,2,2,1,20,fearful
Audio_Speech_Actors_01-24/Actor_20/03-01-04-01-02-01-20.wav,3,1,4,1,2,1,20,sad
Audio_Speech_Actors_01-24/Actor_20/03-01-07-01-02-02-20.wav,3,1,7,1,2,2,20,disgust
Audio_Speech_Actors_01-24/Actor_20/03-01-07-02-01-02-20.wav,3,1,7,2,1,2,20,disgust
Audio_Speech_Actors_01-24/Actor_20/03-01-04-02-01-01-20.wav,3,1,4,2,1,1,20,sad
Audio_Speech_Actors_01-24/Actor_20/03-01-08-02-02-01-20.wav,3,1,8,2,2,1,20,surprised
Audio_Speech_Actors_01-24/Actor_20/03-01-08-01-01-01-20.wav,3,1,8,1,1,1,20,surprised
Audio_Speech_Actors_01-24/Actor_20/03-01-05-01-02-01-20.wav,3,1,5,1,2,1,20,angry
Audio_Speech_Actors_01-24/Actor_20/03-01-06-01-02-02-20.wav,3,1,6,1,2,2,20,fearful
Audio_Speech_Actors_01-24/Actor_20/03-01-06-02-01-02-20.wav,3,1,6,2,1,2,20,fearful
Audio_Speech_Actors_01-24/Actor_20/03-01-05-02-01-01-20.wav,3,1,5,2,1,1,20,angry
Audio_Speech_Actors_01-24/Actor_20/03-01-07-01-01-01-20.wav,3,1,7,1,1,1,20,disgust
Audio_Speech_Actors_01-24/Actor_20/03-01-04-01-01-02-20.wav,3,1,4,1,1,2,20,sad
Audio_Speech_Actors_01-24/Actor_20/03-01-04-02-02-02-20.wav,3,1,4,2,2,2,20,sad
Audio_Speech_Actors_01-24/Actor_20/03-01-07-02-02-01-20.wav,3,1,7,2,2,1,20,disgust
Audio_Speech_Actors_01-24/Actor_20/03-01-03-02-02-02-20.wav,3,1,3,2,2,2,20,happy
Audio_Speech_Actors_01-24/Actor_20/03-01-03-01-01-02-20.wav,3,1,3,1,1,2,20,happy
Audio_Speech_Actors_01-24/Actor_20/03-01-02-02-01-01-20.wav,3,1,2,2,1,1,20,calm
Audio_Speech_Actors_01-24/Actor_20/03-01-01-01-02-02-20.wav,3,1,1,1,2,2,20,neutral
Audio_Speech_Actors_01-24/Actor_20/03-01-02-01-02-01-20.wav,3,1,2,1,2,1,20,calm
Audio_Speech_Actors_01-24/Actor_21/03-01-08-02-01-01-21.wav,3,1,8,2,1,1,21,surprised
Audio_Speech_Actors_01-24/Actor_21/03-01-08-01-02-01-21.wav,3,1,8,1,2,1,21,surprised
Audio_Speech_Actors_01-24/Actor_21/03-01-06-01-01-02-21.wav,3,1,6,1,1,2,21,fearful
Audio_Speech_Actors_01-24/Actor_21/03-01-05-01-01-01-21.wav,3,1,5,1,1,1,21,angry
Audio_Speech_Actors_01-24/Actor_21/03-01-05-02-02-01-21.wav,3,1,5,2,2,1,21,angry
Audio_Speech_Actors_01-24/Actor_21/03-01-06-02-02-02-21.wav,3,1,6,2,2,2,21,fearful
Audio_Speech_Actors_01-24/Actor_21/03-01-04-01-02-02-21.wav,3,1,4,1,2,2,21,sad
Audio_Speech_Actors_01-24/Actor_21/03-01-07-01-02-01-21.wav,3,1,7,1,2,1,21,disgust
Audio_Speech_Actors_01-24/Actor_21/03-01-07-02-01-01-21.wav,3,1,7,2,1,1,21,disgust
Audio_Speech_Actors_01-24/Actor_21/03-01-04-02-01-02-21.wav,3,1,4,2,1,2,21,sad
Audio_Speech_Actors_01-24/Actor_21/03-01-03-02-01-02-21.wav,3,1,3,2,1,2,21,happy
Audio_Speech_Actors_01-24/Actor_21/03-01-03-01-02-02-21.wav,3,1,3,1,2,2,21,happy
Audio_Speech_Actors_01-24/Actor_21/03-01-02-02-02-01-21.wav,3,1,2,2,2,1,21,calm
Audio_Speech_Actors_01-24/Actor_21/03-01-02-01-01-01-21.wav,3,1,2,1,1,1,21,calm
Audio_Speech_Actors_01-24/Actor_21/03-01-01-01-01-02-21.wav,3,1,1,1,1,2,21,neutral
Audio_Speech_Actors_01-24/Actor_21/03-01-03-02-02-01-21.wav,3,1,3,2,2,1,21,happy
Audio_Speech_Actors_01-24/Actor_21/03-01-03-01-01-01-21.wav,3,1,3,1,1,1,21,happy
Audio_Speech_Actors_01-24/Actor_21/03-01-02-02-01-02-21.wav,3,1,2,2,1,2,21,calm
Audio_Speech_Actors_01-24/Actor_21/03-01-01-01-02-01-21.wav,3,1,1,1,2,1,21,neutral
Audio_Speech_Actors_01-24/Actor_21/03-01-02-01-02-02-21.wav,3,1,2,1,2,2,21,calm
Audio_Speech_Actors_01-24/Actor_21/03-01-08-02-02-02-21.wav,3,1,8,2,2,2,21,surprised
Audio_Speech_Actors_01-24/Actor_21/03-01-08-01-01-02-21.wav,3,1,8,1,1,2,21,surprised
Audio_Speech_Actors_01-24/Actor_21/03-01-05-01-02-02-21.wav,3,1,5,1,2,2,21,angry
Audio_Speech_Actors_01-24/Actor_21/03-01-06-01-02-01-21.wav,3,1,6,1,2,1,21,fearful
Audio_Speech_Actors_01-24/Actor_21/03-01-06-02-01-01-21.wav,3,1,6,2,1,1,21,fearful
Audio_Speech_Actors_01-24/Actor_21/03-01-05-02-01-02-21.wav,3,1,5,2,1,2,21,angry
Audio_Speech_Actors_01-24/Actor_21/03-01-07-01-01-02-21.wav,3,1,7,1,1,2,21,disgust
Audio_Speech_Actors_01-24/Actor_21/03-01-04-01-01-01-21.wav,3,1,4,1,1,1,21,sad
Audio_Speech_Actors_01-24/Actor_21/03-01-04-02-02-01-21.wav,3,1,4,2,2,1,21,sad
Audio_Speech_Actors_01-24/Actor_21/03-01-07-02-02-02-21.wav,3,1,7,2,2,2,21,disgust
Audio_Speech_Actors_01-24/Actor_21/03-01-01-01-01-01-21.wav,3,1,1,1,1,1,21,neutral
Audio_Speech_Actors_01-24/Actor_21/03-01-02-01-01-02-21.wav,3,1,2,1,1,2,21,calm
Audio_Speech_Actors_01-24/Actor_21/03-01-02-02-02-02-21.wav,3,1,2,2,2,2,21,calm
Audio_Speech_Actors_01-24/Actor_21/03-01-03-01-02-01-21.wav,3,1,3,1,2,1,21,happy
Audio_Speech_Actors_01-24/Actor_21/03-01-03-02-01-01-21.wav,3,1,3,2,1,1,21,happy
Audio_Speech_Actors_01-24/Actor_21/03-01-08-01-02-02-21.wav,3,1,8,1,2,2,21,surprised
Audio_Speech_Actors_01-24/Actor_21/03-01-08-02-01-02-21.wav,3,1,8,2,1,2,21,surprised
Audio_Speech_Actors_01-24/Actor_21/03-01-04-02-01-01-21.wav,3,1,4,2,1,1,21,sad
Audio_Speech_Actors_01-24/Actor_21/03-01-07-02-01-02-21.wav,3,1,7,2,1,2,21,disgust
Audio_Speech_Actors_01-24/Actor_21/03-01-07-01-02-02-21.wav,3,1,7,1,2,2,21,disgust
Audio_Speech_Actors_01-24/Actor_21/03-01-04-01-02-01-21.wav,3,1,4,1,2,1,21,sad
Audio_Speech_Actors_01-24/Actor_21/03-01-06-02-02-01-21.wav,3,1,6,2,2,1,21,fearful
Audio_Speech_Actors_01-24/Actor_21/03-01-05-02-02-02-21.wav,3,1,5,2,2,2,21,angry
Audio_Speech_Actors_01-24/Actor_21/03-01-05-01-01-02-21.wav,3,1,5,1,1,2,21,angry
Audio_Speech_Actors_01-24/Actor_21/03-01-06-01-01-01-21.wav,3,1,6,1,1,1,21,fearful
Audio_Speech_Actors_01-24/Actor_21/03-01-08-01-01-01-21.wav,3,1,8,1,1,1,21,surprised
Audio_Speech_Actors_01-24/Actor_21/03-01-08-02-02-01-21.wav,3,1,8,2,2,1,21,surprised
Audio_Speech_Actors_01-24/Actor_21/03-01-07-02-02-01-21.wav,3,1,7,2,2,1,21,disgust
Audio_Speech_Actors_01-24/Actor_21/03-01-04-02-02-02-21.wav,3,1,4,2,2,2,21,sad
Audio_Speech_Actors_01-24/Actor_21/03-01-04-01-01-02-21.wav,3,1,4,1,1,2,21,sad
Audio_Speech_Actors_01-24/Actor_21/03-01-07-01-01-01-21.wav,3,1,7,1,1,1,21,disgust
Audio_Speech_Actors_01-24/Actor_21/03-01-05-02-01-01-21.wav,3,1,5,2,1,1,21,angry
Audio_Speech_Actors_01-24/Actor_21/03-01-06-02-01-02-21.wav,3,1,6,2,1,2,21,fearful
Audio_Speech_Actors_01-24/Actor_21/03-01-06-01-02-02-21.wav,3,1,6,1,2,2,21,fearful
Audio_Speech_Actors_01-24/Actor_21/03-01-05-01-02-01-21.wav,3,1,5,1,2,1,21,angry
Audio_Speech_Actors_01-24/Actor_21/03-01-02-01-02-01-21.wav,3,1,2,1,2,1,21,calm
Audio_Speech_Actors_01-24/Actor_21/03-01-01-01-02-02-21.wav,3,1,1,1,2,2,21,neutral
Audio_Speech_Actors_01-24/Actor_21/03-01-02-02-01-01-21.wav,3,1,2,2,1,1,21,calm
Audio_Speech_Actors_01-24/Actor_21/03-01-03-01-01-02-21.wav,3,1,3,1,1,2,21,happy
Audio_Speech_Actors_01-24/Actor_21/03-01-03-02-02-02-21.wav,3,1,3,2,2,2,21,happy
Audio_Speech_Actors_01-24/Actor_19/03-01-01-01-01-02-19.wav,3,1,1,1,1,2,19,neutral
Audio_Speech_Actors_01-24/Actor_19/03-01-02-01-01-01-19.wav,3,1,2,1,1,1,19,calm
Audio_Speech_Actors_01-24/Actor_19/03-01-02-02-02-01-19.wav,3,1,2,2,2,1,19,calm
Audio_Speech_Actors_01-24/Actor_19/03-01-03-01-02-02-19.wav,3,1,3,1,2,2,19,happy
Audio_Speech_Actors_01-24/Actor_19/03-01-03-02-01-02-19.wav,3,1,3,2,1,2,19,happy
Audio_Speech_Actors_01-24/Actor_19/03-01-04-02-01-02-19.wav,3,1,4,2,1,2,19,sad
Audio_Speech_Actors_01-24/Actor_19/03-01-07-02-01-01-19.wav,3,1,7,2,1,1,19,disgust
Audio_Speech_Actors_01-24/Actor_19/03-01-07-01-02-01-19.wav,3,1,7,1,2,1,19,disgust
Audio_Speech_Actors_01-24/Actor_19/03-01-04-01-02-02-19.wav,3,1,4,1,2,2,19,sad
Audio_Speech_Actors_01-24/Actor_19/03-01-06-02-02-02-19.wav,3,1,6,2,2,2,19,fearful
Audio_Speech_Actors_01-24/Actor_19/03-01-05-02-02-01-19.wav,3,1,5,2,2,1,19,angry
Audio_Speech_Actors_01-24/Actor_19/03-01-05-01-01-01-19.wav,3,1,5,1,1,1,19,angry
Audio_Speech_Actors_01-24/Actor_19/03-01-06-01-01-02-19.wav,3,1,6,1,1,2,19,fearful
Audio_Speech_Actors_01-24/Actor_19/03-01-08-01-02-01-19.wav,3,1,8,1,2,1,19,surprised
Audio_Speech_Actors_01-24/Actor_19/03-01-08-02-01-01-19.wav,3,1,8,2,1,1,19,surprised
Audio_Speech_Actors_01-24/Actor_19/03-01-07-02-02-02-19.wav,3,1,7,2,2,2,19,disgust
Audio_Speech_Actors_01-24/Actor_19/03-01-04-02-02-01-19.wav,3,1,4,2,2,1,19,sad
Audio_Speech_Actors_01-24/Actor_19/03-01-04-01-01-01-19.wav,3,1,4,1,1,1,19,sad
Audio_Speech_Actors_01-24/Actor_19/03-01-07-01-01-02-19.wav,3,1,7,1,1,2,19,disgust
Audio_Speech_Actors_01-24/Actor_19/03-01-05-02-01-02-19.wav,3,1,5,2,1,2,19,angry
Audio_Speech_Actors_01-24/Actor_19/03-01-06-02-01-01-19.wav,3,1,6,2,1,1,19,fearful
Audio_Speech_Actors_01-24/Actor_19/03-01-06-01-02-01-19.wav,3,1,6,1,2,1,19,fearful
Audio_Speech_Actors_01-24/Actor_19/03-01-05-01-02-02-19.wav,3,1,5,1,2,2,19,angry
Audio_Speech_Actors_01-24/Actor_19/03-01-08-01-01-02-19.wav,3,1,8,1,1,2,19,surprised
Audio_Speech_Actors_01-24/Actor_19/03-01-08-02-02-02-19.wav,3,1,8,2,2,2,19,surprised
Audio_Speech_Actors_01-24/Actor_19/03-01-02-01-02-02-19.wav,3,1,2,1,2,2,19,calm
Audio_Speech_Actors_01-24/Actor_19/03-01-01-01-02-01-19.wav,3,1,1,1,2,1,19,neutral
Audio_Speech_Actors_01-24/Actor_19/03-01-02-02-01-02-19.wav,3,1,2,2,1,2,19,calm
Audio_Speech_Actors_01-24/Actor_19/03-01-03-01-01-01-19.wav,3,1,3,1,1,1,19,happy
Audio_Speech_Actors_01-24/Actor_19/03-01-03-02-02-01-19.wav,3,1,3,2,2,1,19,happy
Audio_Speech_Actors_01-24/Actor_19/03-01-06-01-01-01-19.wav,3,1,6,1,1,1,19,fearful
Audio_Speech_Actors_01-24/Actor_19/03-01-05-01-01-02-19.wav,3,1,5,1,1,2,19,angry
Audio_Speech_Actors_01-24/Actor_19/03-01-05-02-02-02-19.wav,3,1,5,2,2,2,19,angry
Audio_Speech_Actors_01-24/Actor_19/03-01-06-02-02-01-19.wav,3,1,6,2,2,1,19,fearful
Audio_Speech_Actors_01-24/Actor_19/03-01-04-01-02-01-19.wav,3,1,4,1,2,1,19,sad
Audio_Speech_Actors_01-24/Actor_19/03-01-07-01-02-02-19.wav,3,1,7,1,2,2,19,disgust
Audio_Speech_Actors_01-24/Actor_19/03-01-07-02-01-02-19.wav,3,1,7,2,1,2,19,disgust
Audio_Speech_Actors_01-24/Actor_19/03-01-04-02-01-01-19.wav,3,1,4,2,1,1,19,sad
Audio_Speech_Actors_01-24/Actor_19/03-01-08-02-01-02-19.wav,3,1,8,2,1,2,19,surprised
Audio_Speech_Actors_01-24/Actor_19/03-01-08-01-02-02-19.wav,3,1,8,1,2,2,19,surprised
Audio_Speech_Actors_01-24/Actor_19/03-01-03-02-01-01-19.wav,3,1,3,2,1,1,19,happy
Audio_Speech_Actors_01-24/Actor_19/03-01-03-01-02-01-19.wav,3,1,3,1,2,1,19,happy
Audio_Speech_Actors_01-24/Actor_19/03-01-02-02-02-02-19.wav,3,1,2,2,2,2,19,calm
Audio_Speech_Actors_01-24/Actor_19/03-01-02-01-01-02-19.wav,3,1,2,1,1,2,19,calm
Audio_Speech_Actors_01-24/Actor_19/03-01-01-01-01-01-19.wav,3,1,1,1,1,1,19,neutral
Audio_Speech_Actors_01-24/Actor_19/03-01-03-02-02-02-19.wav,3,1,3,2,2,2,19,happy
Audio_Speech_Actors_01-24/Actor_19/03-01-03-01-01-02-19.wav,3,1,3,1,1,2,19,happy
Audio_Speech_Actors_01-24/Actor_19/03-01-02-02-01-01-19.wav,3,1,2,2,1,1,19,calm
Audio_Speech_Actors_01-24/Actor_19/03-01-01-01-02-02-19.wav,3,1,1,1,2,2,19,neutral
Audio_Speech_Actors_01-24/Actor_19/03-01-02-01-02-01-19.wav,3,1,2,1,2,1,19,calm
Audio_Speech_Actors_01-24/Actor_19/03-01-05-01-02-01-19.wav,3,1,5,1,2,1,19,angry
Audio_Speech_Actors_01-24/Actor_19/03-01-06-01-02-02-19.wav,3,1,6,1,2,2,19,fearful
Audio_Speech_Actors_01-24/Actor_19/03-01-06-02-01-02-19.wav,3,1,6,2,1,2,19,fearful
Audio_Speech_Actors_01-24/Actor_19/03-01-05-02-01-01-19.wav,3,1,5,2,1,1,19,angry
Audio_Speech_Actors_01-24/Actor_19/03-01-07-01-01-01-19.wav,3,1,7,1,1,1,19,disgust
Audio_Speech_Actors_01-24/Actor_19/03-01-04-01-01-02-19.wav,3,1,4,1,1,2,19,sad
Audio_Speech_Actors_01-24/Actor_19/03-01-04-02-02-02-19.wav,3,1,4,2,2,2,19,sad
Audio_Speech_Actors_01-24/Actor_19/03-01-07-02-02-01-19.wav,3,1,7,2,2,1,19,disgust
Audio_Speech_Actors_01-24/Actor_19/03-01-08-02-02-01-19.wav,3,1,8,2,2,1,19,surprised
Audio_Speech_Actors_01-24/Actor_19/03-01-08-01-01-01-19.wav,3,1,8,1,1,1,19,surprised
Audio_Speech_Actors_01-24/Actor_10/03-01-03-02-02-02-10.wav,3,1,3,2,2,2,10,happy
Audio_Speech_Actors_01-24/Actor_10/03-01-03-01-01-02-10.wav,3,1,3,1,1,2,10,happy
Audio_Speech_Actors_01-24/Actor_10/03-01-02-02-01-01-10.wav,3,1,2,2,1,1,10,calm
Audio_Speech_Actors_01-24/Actor_10/03-01-02-01-02-01-10.wav,3,1,2,1,2,1,10,calm
Audio_Speech_Actors_01-24/Actor_10/03-01-01-01-02-02-10.wav,3,1,1,1,2,2,10,neutral
Audio_Speech_Actors_01-24/Actor_10/03-01-06-01-02-02-10.wav,3,1,6,1,2,2,10,fearful
Audio_Speech_Actors_01-24/Actor_10/03-01-05-01-02-01-10.wav,3,1,5,1,2,1,10,angry
Audio_Speech_Actors_01-24/Actor_10/03-01-05-02-01-01-10.wav,3,1,5,2,1,1,10,angry
Audio_Speech_Actors_01-24/Actor_10/03-01-06-02-01-02-10.wav,3,1,6,2,1,2,10,fearful
Audio_Speech_Actors_01-24/Actor_10/03-01-04-01-01-02-10.wav,3,1,4,1,1,2,10,sad
Audio_Speech_Actors_01-24/Actor_10/03-01-07-01-01-01-10.wav,3,1,7,1,1,1,10,disgust
Audio_Speech_Actors_01-24/Actor_10/03-01-07-02-02-01-10.wav,3,1,7,2,2,1,10,disgust
Audio_Speech_Actors_01-24/Actor_10/03-01-04-02-02-02-10.wav,3,1,4,2,2,2,10,sad
Audio_Speech_Actors_01-24/Actor_10/03-01-08-02-02-01-10.wav,3,1,8,2,2,1,10,surprised
Audio_Speech_Actors_01-24/Actor_10/03-01-08-01-01-01-10.wav,3,1,8,1,1,1,10,surprised
Audio_Speech_Actors_01-24/Actor_10/03-01-05-01-01-02-10.wav,3,1,5,1,1,2,10,angry
Audio_Speech_Actors_01-24/Actor_10/03-01-06-01-01-01-10.wav,3,1,6,1,1,1,10,fearful
Audio_Speech_Actors_01-24/Actor_10/03-01-06-02-02-01-10.wav,3,1,6,2,2,1,10,fearful
Audio_Speech_Actors_01-24/Actor_10/03-01-05-02-02-02-10.wav,3,1,5,2,2,2,10,angry
Audio_Speech_Actors_01-24/Actor_10/03-01-07-01-02-02-10.wav,3,1,7,1,2,2,10,disgust
Audio_Speech_Actors_01-24/Actor_10/03-01-04-01-02-01-10.wav,3,1,4,1,2,1,10,sad
Audio_Speech_Actors_01-24/Actor_10/03-01-04-02-01-01-10.wav,3,1,4,2,1,1,10,sad
Audio_Speech_Actors_01-24/Actor_10/03-01-07-02-01-02-10.wav,3,1,7,2,1,2,10,disgust
Audio_Speech_Actors_01-24/Actor_10/03-01-08-02-01-02-10.wav,3,1,8,2,1,2,10,surprised
Audio_Speech_Actors_01-24/Actor_10/03-01-08-01-02-02-10.wav,3,1,8,1,2,2,10,surprised
Audio_Speech_Actors_01-24/Actor_10/03-01-03-02-01-01-10.wav,3,1,3,2,1,1,10,happy
Audio_Speech_Actors_01-24/Actor_10/03-01-03-01-02-01-10.wav,3,1,3,1,2,1,10,happy
Audio_Speech_Actors_01-24/Actor_10/03-01-02-02-02-02-10.wav,3,1,2,2,2,2,10,calm
Audio_Speech_Actors_01-24/Actor_10/03-01-01-01-01-01-10.wav,3,1,1,1,1,1,10,neutral
Audio_Speech_Actors_01-24/Actor_10/03-01-02-01-01-02-10.wav,3,1,2,1,1,2,10,calm
Audio_Speech_Actors_01-24/Actor_10/03-01-04-02-02-01-10.wav,3,1,4,2,2,1,10,sad
Audio_Speech_Actors_01-24/Actor_10/03-01-07-02-02-02-10.wav,3,1,7,2,2,2,10,disgust
Audio_Speech_Actors_01-24/Actor_10/03-01-07-01-01-02-10.wav,3,1,7,1,1,2,10,disgust
Audio_Speech_Actors_01-24/Actor_10/03-01-04-01-01-01-10.wav,3,1,4,1,1,1,10,sad
Audio_Speech_Actors_01-24/Actor_10/03-01-06-02-01-01-10.wav,3,1,6,2,1,1,10,fearful
Audio_Speech_Actors_01-24/Actor_10/03-01-05-02-01-02-10.wav,3,1,5,2,1,2,10,angry
Audio_Speech_Actors_01-24/Actor_10/03-01-05-01-02-02-10.wav,3,1,5,1,2,2,10,angry
Audio_Speech_Actors_01-24/Actor_10/03-01-06-01-02-01-10.wav,3,1,6,1,2,1,10,fearful
Audio_Speech_Actors_01-24/Actor_10/03-01-08-01-01-02-10.wav,3,1,8,1,1,2,10,surprised
Audio_Speech_Actors_01-24/Actor_10/03-01-08-02-02-02-10.wav,3,1,8,2,2,2,10,surprised
Audio_Speech_Actors_01-24/Actor_10/03-01-01-01-02-01-10.wav,3,1,1,1,2,1,10,neutral
Audio_Speech_Actors_01-24/Actor_10/03-01-02-01-02-02-10.wav,3,1,2,1,2,2,10,calm
Audio_Speech_Actors_01-24/Actor_10/03-01-02-02-01-02-10.wav,3,1,2,2,1,2,10,calm
Audio_Speech_Actors_01-24/Actor_10/03-01-03-01-01-01-10.wav,3,1,3,1,1,1,10,happy
Audio_Speech_Actors_01-24/Actor_10/03-01-03-02-02-01-10.wav,3,1,3,2,2,1,10,happy
Audio_Speech_Actors_01-24/Actor_10/03-01-02-01-01-01-10.wav,3,1,2,1,1,1,10,calm
Audio_Speech_Actors_01-24/Actor_10/03-01-01-01-01-02-10.wav,3,1,1,1,1,2,10,neutral
Audio_Speech_Actors_01-24/Actor_10/03-01-02-02-02-01-10.wav,3,1,2,2,2,1,10,calm
Audio_Speech_Actors_01-24/Actor_10/03-01-03-01-02-02-10.wav,3,1,3,1,2,2,10,happy
Audio_Speech_Actors_01-24/Actor_10/03-01-03-02-01-02-10.wav,3,1,3,2,1,2,10,happy
Audio_Speech_Actors_01-24/Actor_10/03-01-07-02-01-01-10.wav,3,1,7,2,1,1,10,disgust
Audio_Speech_Actors_01-24/Actor_10/03-01-04-02-01-02-10.wav,3,1,4,2,1,2,10,sad
Audio_Speech_Actors_01-24/Actor_10/03-01-04-01-02-02-10.wav,3,1,4,1,2,2,10,sad
Audio_Speech_Actors_01-24/Actor_10/03-01-07-01-02-01-10.wav,3,1,7,1,2,1,10,disgust
Audio_Speech_Actors_01-24/Actor_10/03-01-05-02-02-01-10.wav,3,1,5,2,2,1,10,angry
Audio_Speech_Actors_01-24/Actor_10/03-01-06-02-02-02-10.wav,3,1,6,2,2,2,10,fearful
Audio_Speech_Actors_01-24/Actor_10/03-01-06-01-01-02-10.wav,3,1,6,1,1,2,10,fearful
Audio_Speech_Actors_01-24/Actor_10/03-01-05-01-01-01-10.wav,3,1,5,1,1,1,10,angry
Audio_Speech_Actors_01-24/Actor_10/03-01-08-01-02-01-10.wav,3,1,8,1,2,1,10,surprised
Audio_Speech_Actors_01-24/Actor_10/03-01-08-02-01-01-10.wav,3,1,8,2,1,1,10,surprised
Audio_Speech_Actors_01-24/Actor_17/03-01-07-02-02-01-17.wav,3,1,7,2,2,1,17,disgust
Audio_Speech_Actors_01-24/Actor_17/03-01-04-02-02-02-17.wav,3,1,4,2,2,2,17,sad
Audio_Speech_Actors_01-24/Actor_17/03-01-04-01-01-02-17.wav,3,1,4,1,1,2,17,sad
Audio_Speech_Actors_01-24/Actor_17/03-01-07-01-01-01-17.wav,3,1,7,1,1,1,17,disgust
Audio_Speech_Actors_01-24/Actor_17/03-01-05-02-01-01-17.wav,3,1,5,2,1,1,17,angry
Audio_Speech_Actors_01-24/Actor_17/03-01-06-02-01-02-17.wav,3,1,6,2,1,2,17,fearful
Audio_Speech_Actors_01-24/Actor_17/03-01-06-01-02-02-17.wav,3,1,6,1,2,2,17,fearful
Audio_Speech_Actors_01-24/Actor_17/03-01-05-01-02-01-17.wav,3,1,5,1,2,1,17,angry
Audio_Speech_Actors_01-24/Actor_17/03-01-08-01-01-01-17.wav,3,1,8,1,1,1,17,surprised
Audio_Speech_Actors_01-24/Actor_17/03-01-08-02-02-01-17.wav,3,1,8,2,2,1,17,surprised
Audio_Speech_Actors_01-24/Actor_17/03-01-02-01-02-01-17.wav,3,1,2,1,2,1,17,calm
Audio_Speech_Actors_01-24/Actor_17/03-01-01-01-02-02-17.wav,3,1,1,1,2,2,17,neutral
Audio_Speech_Actors_01-24/Actor_17/03-01-02-02-01-01-17.wav,3,1,2,2,1,1,17,calm
Audio_Speech_Actors_01-24/Actor_17/03-01-03-01-01-02-17.wav,3,1,3,1,1,2,17,happy
Audio_Speech_Actors_01-24/Actor_17/03-01-03-02-02-02-17.wav,3,1,3,2,2,2,17,happy
Audio_Speech_Actors_01-24/Actor_17/03-01-01-01-01-01-17.wav,3,1,1,1,1,1,17,neutral
Audio_Speech_Actors_01-24/Actor_17/03-01-02-01-01-02-17.wav,3,1,2,1,1,2,17,calm
Audio_Speech_Actors_01-24/Actor_17/03-01-02-02-02-02-17.wav,3,1,2,2,2,2,17,calm
Audio_Speech_Actors_01-24/Actor_17/03-01-03-01-02-01-17.wav,3,1,3,1,2,1,17,happy
Audio_Speech_Actors_01-24/Actor_17/03-01-03-02-01-01-17.wav,3,1,3,2,1,1,17,happy
Audio_Speech_Actors_01-24/Actor_17/03-01-04-02-01-01-17.wav,3,1,4,2,1,1,17,sad
Audio_Speech_Actors_01-24/Actor_17/03-01-07-02-01-02-17.wav,3,1,7,2,1,2,17,disgust
Audio_Speech_Actors_01-24/Actor_17/03-01-07-01-02-02-17.wav,3,1,7,1,2,2,17,disgust
Audio_Speech_Actors_01-24/Actor_17/03-01-04-01-02-01-17.wav,3,1,4,1,2,1,17,sad
Audio_Speech_Actors_01-24/Actor_17/03-01-06-02-02-01-17.wav,3,1,6,2,2,1,17,fearful
Audio_Speech_Actors_01-24/Actor_17/03-01-05-02-02-02-17.wav,3,1,5,2,2,2,17,angry
Audio_Speech_Actors_01-24/Actor_17/03-01-05-01-01-02-17.wav,3,1,5,1,1,2,17,angry
Audio_Speech_Actors_01-24/Actor_17/03-01-06-01-01-01-17.wav,3,1,6,1,1,1,17,fearful
Audio_Speech_Actors_01-24/Actor_17/03-01-08-01-02-02-17.wav,3,1,8,1,2,2,17,surprised
Audio_Speech_Actors_01-24/Actor_17/03-01-08-02-01-02-17.wav,3,1,8,2,1,2,17,surprised
Audio_Speech_Actors_01-24/Actor_17/03-01-03-02-02-01-17.wav,3,1,3,2,2,1,17,happy
Audio_Speech_Actors_01-24/Actor_17/03-01-03-01-01-01-17.wav,3,1,3,1,1,1,17,happy
Audio_Speech_Actors_01-24/Actor_17/03-01-02-02-01-02-17.wav,3,1,2,2,1,2,17,calm
Audio_Speech_Actors_01-24/Actor_17/03-01-01-01-02-01-17.wav,3,1,1,1,2,1,17,neutral
Audio_Speech_Actors_01-24/Actor_17/03-01-02-01-02-02-17.wav,3,1,2,1,2,2,17,calm
Audio_Speech_Actors_01-24/Actor_17/03-01-05-01-02-02-17.wav,3,1,5,1,2,2,17,angry
Audio_Speech_Actors_01-24/Actor_17/03-01-06-01-02-01-17.wav,3,1,6,1,2,1,17,fearful
Audio_Speech_Actors_01-24/Actor_17/03-01-06-02-01-01-17.wav,3,1,6,2,1,1,17,fearful
Audio_Speech_Actors_01-24/Actor_17/03-01-05-02-01-02-17.wav,3,1,5,2,1,2,17,angry
Audio_Speech_Actors_01-24/Actor_17/03-01-07-01-01-02-17.wav,3,1,7,1,1,2,17,disgust
Audio_Speech_Actors_01-24/Actor_17/03-01-04-01-01-01-17.wav,3,1,4,1,1,1,17,sad
Audio_Speech_Actors_01-24/Actor_17/03-01-04-02-02-01-17.wav,3,1,4,2,2,1,17,sad
Audio_Speech_Actors_01-24/Actor_17/03-01-07-02-02-02-17.wav,3,1,7,2,2,2,17,disgust
Audio_Speech_Actors_01-24/Actor_17/03-01-08-02-02-02-17.wav,3,1,8,2,2,2,17,surprised
Audio_Speech_Actors_01-24/Actor_17/03-01-08-01-01-02-17.wav,3,1,8,1,1,2,17,surprised
Audio_Speech_Actors_01-24/Actor_17/03-01-06-01-01-02-17.wav,3,1,6,1,1,2,17,fearful
Audio_Speech_Actors_01-24/Actor_17/03-01-05-01-01-01-17.wav,3,1,5,1,1,1,17,angry
Audio_Speech_Actors_01-24/Actor_17/03-01-05-02-02-01-17.wav,3,1,5,2,2,1,17,angry
Audio_Speech_Actors_01-24/Actor_17/03-01-06-02-02-02-17.wav,3,1,6,2,2,2,17,fearful
Audio_Speech_Actors_01-24/Actor_17/03-01-04-01-02-02-17.wav,3,1,4,1,2,2,17,sad
Audio_Speech_Actors_01-24/Actor_17/03-01-07-01-02-01-17.wav,3,1,7,1,2,1,17,disgust
Audio_Speech_Actors_01-24/Actor_17/03-01-07-02-01-01-17.wav,3,1,7,2,1,1,17,disgust
Audio_Speech_Actors_01-24/Actor_17/03-01-04-02-01-02-17.wav,3,1,4,2,1,2,17,sad
Audio_Speech_Actors_01-24/Actor_17/03-01-08-02-01-01-17.wav,3,1,8,2,1,1,17,surprised
Audio_Speech_Actors_01-24/Actor_17/03-01-08-01-02-01-17.wav,3,1,8,1,2,1,17,surprised
Audio_Speech_Actors_01-24/Actor_17/03-01-03-02-01-02-17.wav,3,1,3,2,1,2,17,happy
Audio_Speech_Actors_01-24/Actor_17/03-01-03-01-02-02-17.wav,3,1,3,1,2,2,17,happy
Audio_Speech_Actors_01-24/Actor_17/03-01-02-02-02-01-17.wav,3,1,2,2,2,1,17,calm
Audio_Speech_Actors_01-24/Actor_17/03-01-02-01-01-01-17.wav,3,1,2,1,1,1,17,calm
Audio_Speech_Actors_01-24/Actor_17/03-01-01-01-01-02-17.wav,3,1,1,1,1,2,17,neutral
Audio_Speech_Actors_01-24/Actor_04/03-01-03-02-02-02-04.wav,3,1,3,2,2,2,4,happy
Audio_Speech_Actors_01-24/Actor_04/03-01-03-01-01-02-04.wav,3,1,3,1,1,2,4,happy
Audio_Speech_Actors_01-24/Actor_04/03-01-02-02-01-01-04.wav,3,1,2,2,1,1,4,calm
Audio_Speech_Actors_01-24/Actor_04/03-01-01-01-02-02-04.wav,3,1,1,1,2,2,4,neutral
Audio_Speech_Actors_01-24/Actor_04/03-01-02-01-02-01-04.wav,3,1,2,1,2,1,4,calm
Audio_Speech_Actors_01-24/Actor_04/03-01-05-01-02-01-04.wav,3,1,5,1,2,1,4,angry
Audio_Speech_Actors_01-24/Actor_04/03-01-06-01-02-02-04.wav,3,1,6,1,2,2,4,fearful
Audio_Speech_Actors_01-24/Actor_04/03-01-06-02-01-02-04.wav,3,1,6,2,1,2,4,fearful
Audio_Speech_Actors_01-24/Actor_04/03-01-05-02-01-01-04.wav,3,1,5,2,1,1,4,angry
Audio_Speech_Actors_01-24/Actor_04/03-01-07-01-01-01-04.wav,3,1,7,1,1,1,4,disgust
Audio_Speech_Actors_01-24/Actor_04/03-01-04-01-01-02-04.wav,3,1,4,1,1,2,4,sad
Audio_Speech_Actors_01-24/Actor_04/03-01-04-02-02-02-04.wav,3,1,4,2,2,2,4,sad
Audio_Speech_Actors_01-24/Actor_04/03-01-07-02-02-01-04.wav,3,1,7,2,2,1,4,disgust
Audio_Speech_Actors_01-24/Actor_04/03-01-08-02-02-01-04.wav,3,1,8,2,2,1,4,surprised
Audio_Speech_Actors_01-24/Actor_04/03-01-08-01-01-01-04.wav,3,1,8,1,1,1,4,surprised
Audio_Speech_Actors_01-24/Actor_04/03-01-06-01-01-01-04.wav,3,1,6,1,1,1,4,fearful
Audio_Speech_Actors_01-24/Actor_04/03-01-05-01-01-02-04.wav,3,1,5,1,1,2,4,angry
Audio_Speech_Actors_01-24/Actor_04/03-01-05-02-02-02-04.wav,3,1,5,2,2,2,4,angry
Audio_Speech_Actors_01-24/Actor_04/03-01-06-02-02-01-04.wav,3,1,6,2,2,1,4,fearful
Audio_Speech_Actors_01-24/Actor_04/03-01-04-01-02-01-04.wav,3,1,4,1,2,1,4,sad
Audio_Speech_Actors_01-24/Actor_04/03-01-07-01-02-02-04.wav,3,1,7,1,2,2,4,disgust
Audio_Speech_Actors_01-24/Actor_04/03-01-07-02-01-02-04.wav,3,1,7,2,1,2,4,disgust
Audio_Speech_Actors_01-24/Actor_04/03-01-04-02-01-01-04.wav,3,1,4,2,1,1,4,sad
Audio_Speech_Actors_01-24/Actor_04/03-01-08-02-01-02-04.wav,3,1,8,2,1,2,4,surprised
Audio_Speech_Actors_01-24/Actor_04/03-01-08-01-02-02-04.wav,3,1,8,1,2,2,4,surprised
Audio_Speech_Actors_01-24/Actor_04/03-01-03-02-01-01-04.wav,3,1,3,2,1,1,4,happy
Audio_Speech_Actors_01-24/Actor_04/03-01-03-01-02-01-04.wav,3,1,3,1,2,1,4,happy
Audio_Speech_Actors_01-24/Actor_04/03-01-02-02-02-02-04.wav,3,1,2,2,2,2,4,calm
Audio_Speech_Actors_01-24/Actor_04/03-01-02-01-01-02-04.wav,3,1,2,1,1,2,4,calm
Audio_Speech_Actors_01-24/Actor_04/03-01-01-01-01-01-04.wav,3,1,1,1,1,1,4,neutral
Audio_Speech_Actors_01-24/Actor_04/03-01-07-02-02-02-04.wav,3,1,7,2,2,2,4,disgust
Audio_Speech_Actors_01-24/Actor_04/03-01-04-02-02-01-04.wav,3,1,4,2,2,1,4,sad
Audio_Speech_Actors_01-24/Actor_04/03-01-04-01-01-01-04.wav,3,1,4,1,1,1,4,sad
Audio_Speech_Actors_01-24/Actor_04/03-01-07-01-01-02-04.wav,3,1,7,1,1,2,4,disgust
Audio_Speech_Actors_01-24/Actor_04/03-01-05-02-01-02-04.wav,3,1,5,2,1,2,4,angry
Audio_Speech_Actors_01-24/Actor_04/03-01-06-02-01-01-04.wav,3,1,6,2,1,1,4,fearful
Audio_Speech_Actors_01-24/Actor_04/03-01-06-01-02-01-04.wav,3,1,6,1,2,1,4,fearful
Audio_Speech_Actors_01-24/Actor_04/03-01-05-01-02-02-04.wav,3,1,5,1,2,2,4,angry
Audio_Speech_Actors_01-24/Actor_04/03-01-08-01-01-02-04.wav,3,1,8,1,1,2,4,surprised
Audio_Speech_Actors_01-24/Actor_04/03-01-08-02-02-02-04.wav,3,1,8,2,2,2,4,surprised
Audio_Speech_Actors_01-24/Actor_04/03-01-02-01-02-02-04.wav,3,1,2,1,2,2,4,calm
Audio_Speech_Actors_01-24/Actor_04/03-01-01-01-02-01-04.wav,3,1,1,1,2,1,4,neutral
Audio_Speech_Actors_01-24/Actor_04/03-01-02-02-01-02-04.wav,3,1,2,2,1,2,4,calm
Audio_Speech_Actors_01-24/Actor_04/03-01-03-01-01-01-04.wav,3,1,3,1,1,1,4,happy
Audio_Speech_Actors_01-24/Actor_04/03-01-03-02-02-01-04.wav,3,1,3,2,2,1,4,happy
Audio_Speech_Actors_01-24/Actor_04/03-01-01-01-01-02-04.wav,3,1,1,1,1,2,4,neutral
Audio_Speech_Actors_01-24/Actor_04/03-01-02-01-01-01-04.wav,3,1,2,1,1,1,4,calm
Audio_Speech_Actors_01-24/Actor_04/03-01-02-02-02-01-04.wav,3,1,2,2,2,1,4,calm
Audio_Speech_Actors_01-24/Actor_04/03-01-03-01-02-02-04.wav,3,1,3,1,2,2,4,happy
Audio_Speech_Actors_01-24/Actor_04/03-01-03-02-01-02-04.wav,3,1,3,2,1,2,4,happy
Audio_Speech_Actors_01-24/Actor_04/03-01-04-02-01-02-04.wav,3,1,4,2,1,2,4,sad
Audio_Speech_Actors_01-24/Actor_04/03-01-07-02-01-01-04.wav,3,1,7,2,1,1,4,disgust
Audio_Speech_Actors_01-24/Actor_04/03-01-07-01-02-01-04.wav,3,1,7,1,2,1,4,disgust
Audio_Speech_Actors_01-24/Actor_04/03-01-04-01-02-02-04.wav,3,1,4,1,2,2,4,sad
Audio_Speech_Actors_01-24/Actor_04/03-01-06-02-02-02-04.wav,3,1,6,2,2,2,4,fearful
Audio_Speech_Actors_01-24/Actor_04/03-01-05-02-02-01-04.wav,3,1,5,2,2,1,4,angry
Audio_Speech_Actors_01-24/Actor_04/03-01-05-01-01-01-04.wav,3,1,5,1,1,1,4,angry
Audio_Speech_Actors_01-24/Actor_04/03-01-06-01-01-02-04.wav,3,1,6,1,1,2,4,fearful
Audio_Speech_Actors_01-24/Actor_04/03-01-08-01-02-01-04.wav,3,1,8,1,2,1,4,surprised
Audio_Speech_Actors_01-24/Actor_04/03-01-08-02-01-01-04.wav,3,1,8,2,1,1,4,surprised
Audio_Speech_Actors_01-24/Actor_03/03-01-04-02-02-02-03.wav,3,1,4,2,2,2,3,sad
Audio_Speech_Actors_01-24/Actor_03/03-01-07-02-02-01-03.wav,3,1,7,2,2,1,3,disgust
Audio_Speech_Actors_01-24/Actor_03/03-01-07-01-01-01-03.wav,3,1,7,1,1,1,3,disgust
Audio_Speech_Actors_01-24/Actor_03/03-01-04-01-01-02-03.wav,3,1,4,1,1,2,3,sad
Audio_Speech_Actors_01-24/Actor_03/03-01-06-02-01-02-03.wav,3,1,6,2,1,2,3,fearful
Audio_Speech_Actors_01-24/Actor_03/03-01-05-02-01-01-03.wav,3,1,5,2,1,1,3,angry
Audio_Speech_Actors_01-24/Actor_03/03-01-05-01-02-01-03.wav,3,1,5,1,2,1,3,angry
Audio_Speech_Actors_01-24/Actor_03/03-01-06-01-02-02-03.wav,3,1,6,1,2,2,3,fearful
Audio_Speech_Actors_01-24/Actor_03/03-01-08-01-01-01-03.wav,3,1,8,1,1,1,3,surprised
Audio_Speech_Actors_01-24/Actor_03/03-01-08-02-02-01-03.wav,3,1,8,2,2,1,3,surprised
Audio_Speech_Actors_01-24/Actor_03/03-01-01-01-02-02-03.wav,3,1,1,1,2,2,3,neutral
Audio_Speech_Actors_01-24/Actor_03/03-01-02-01-02-01-03.wav,3,1,2,1,2,1,3,calm
Audio_Speech_Actors_01-24/Actor_03/03-01-02-02-01-01-03.wav,3,1,2,2,1,1,3,calm
Audio_Speech_Actors_01-24/Actor_03/03-01-03-01-01-02-03.wav,3,1,3,1,1,2,3,happy
Audio_Speech_Actors_01-24/Actor_03/03-01-03-02-02-02-03.wav,3,1,3,2,2,2,3,happy
Audio_Speech_Actors_01-24/Actor_03/03-01-02-01-01-02-03.wav,3,1,2,1,1,2,3,calm
Audio_Speech_Actors_01-24/Actor_03/03-01-01-01-01-01-03.wav,3,1,1,1,1,1,3,neutral
Audio_Speech_Actors_01-24/Actor_03/03-01-02-02-02-02-03.wav,3,1,2,2,2,2,3,calm
Audio_Speech_Actors_01-24/Actor_03/03-01-03-01-02-01-03.wav,3,1,3,1,2,1,3,happy
Audio_Speech_Actors_01-24/Actor_03/03-01-03-02-01-01-03.wav,3,1,3,2,1,1,3,happy
Audio_Speech_Actors_01-24/Actor_03/03-01-07-02-01-02-03.wav,3,1,7,2,1,2,3,disgust
Audio_Speech_Actors_01-24/Actor_03/03-01-04-02-01-01-03.wav,3,1,4,2,1,1,3,sad
Audio_Speech_Actors_01-24/Actor_03/03-01-04-01-02-01-03.wav,3,1,4,1,2,1,3,sad
Audio_Speech_Actors_01-24/Actor_03/03-01-07-01-02-02-03.wav,3,1,7,1,2,2,3,disgust
Audio_Speech_Actors_01-24/Actor_03/03-01-05-02-02-02-03.wav,3,1,5,2,2,2,3,angry
Audio_Speech_Actors_01-24/Actor_03/03-01-06-02-02-01-03.wav,3,1,6,2,2,1,3,fearful
Audio_Speech_Actors_01-24/Actor_03/03-01-06-01-01-01-03.wav,3,1,6,1,1,1,3,fearful
Audio_Speech_Actors_01-24/Actor_03/03-01-05-01-01-02-03.wav,3,1,5,1,1,2,3,angry
Audio_Speech_Actors_01-24/Actor_03/03-01-08-01-02-02-03.wav,3,1,8,1,2,2,3,surprised
Audio_Speech_Actors_01-24/Actor_03/03-01-08-02-01-02-03.wav,3,1,8,2,1,2,3,surprised
Audio_Speech_Actors_01-24/Actor_03/03-01-03-02-02-01-03.wav,3,1,3,2,2,1,3,happy
Audio_Speech_Actors_01-24/Actor_03/03-01-03-01-01-01-03.wav,3,1,3,1,1,1,3,happy
Audio_Speech_Actors_01-24/Actor_03/03-01-02-02-01-02-03.wav,3,1,2,2,1,2,3,calm
Audio_Speech_Actors_01-24/Actor_03/03-01-02-01-02-02-03.wav,3,1,2,1,2,2,3,calm
Audio_Speech_Actors_01-24/Actor_03/03-01-01-01-02-01-03.wav,3,1,1,1,2,1,3,neutral
Audio_Speech_Actors_01-24/Actor_03/03-01-06-01-02-01-03.wav,3,1,6,1,2,1,3,fearful
Audio_Speech_Actors_01-24/Actor_03/03-01-05-01-02-02-03.wav,3,1,5,1,2,2,3,angry
Audio_Speech_Actors_01-24/Actor_03/03-01-05-02-01-02-03.wav,3,1,5,2,1,2,3,angry
Audio_Speech_Actors_01-24/Actor_03/03-01-06-02-01-01-03.wav,3,1,6,2,1,1,3,fearful
Audio_Speech_Actors_01-24/Actor_03/03-01-04-01-01-01-03.wav,3,1,4,1,1,1,3,sad
Audio_Speech_Actors_01-24/Actor_03/03-01-07-01-01-02-03.wav,3,1,7,1,1,2,3,disgust
Audio_Speech_Actors_01-24/Actor_03/03-01-07-02-02-02-03.wav,3,1,7,2,2,2,3,disgust
Audio_Speech_Actors_01-24/Actor_03/03-01-04-02-02-01-03.wav,3,1,4,2,2,1,3,sad
Audio_Speech_Actors_01-24/Actor_03/03-01-08-02-02-02-03.wav,3,1,8,2,2,2,3,surprised
Audio_Speech_Actors_01-24/Actor_03/03-01-08-01-01-02-03.wav,3,1,8,1,1,2,3,surprised
Audio_Speech_Actors_01-24/Actor_03/03-01-05-01-01-01-03.wav,3,1,5,1,1,1,3,angry
Audio_Speech_Actors_01-24/Actor_03/03-01-06-01-01-02-03.wav,3,1,6,1,1,2,3,fearful
Audio_Speech_Actors_01-24/Actor_03/03-01-06-02-02-02-03.wav,3,1,6,2,2,2,3,fearful
Audio_Speech_Actors_01-24/Actor_03/03-01-05-02-02-01-03.wav,3,1,5,2,2,1,3,angry
Audio_Speech_Actors_01-24/Actor_03/03-01-07-01-02-01-03.wav,3,1,7,1,2,1,3,disgust
Audio_Speech_Actors_01-24/Actor_03/03-01-04-01-02-02-03.wav,3,1,4,1,2,2,3,sad
Audio_Speech_Actors_01-24/Actor_03/03-01-04-02-01-02-03.wav,3,1,4,2,1,2,3,sad
Audio_Speech_Actors_01-24/Actor_03/03-01-07-02-01-01-03.wav,3,1,7,2,1,1,3,disgust
Audio_Speech_Actors_01-24/Actor_03/03-01-08-02-01-01-03.wav,3,1,8,2,1,1,3,surprised
Audio_Speech_Actors_01-24/Actor_03/03-01-08-01-02-01-03.wav,3,1,8,1,2,1,3,surprised
Audio_Speech_Actors_01-24/Actor_03/03-01-03-02-01-02-03.wav,3,1,3,2,1,2,3,happy
Audio_Speech_Actors_01-24/Actor_03/03-01-03-01-02-02-03.wav,3,1,3,1,2,2,3,happy
Audio_Speech_Actors_01-24/Actor_03/03-01-02-02-02-01-03.wav,3,1,2,2,2,1,3,calm
Audio_Speech_Actors_01-24/Actor_03/03-01-01-01-01-02-03.wav,3,1,1,1,1,2,3,neutral
Audio_Speech_Actors_01-24/Actor_03/03-01-02-01-01-01-03.wav,3,1,2,1,1,1,3,calm
Audio_Speech_Actors_01-24/Actor_02/03-01-06-01-02-02-02.wav,3,1,6,1,2,2,2,fearful
Audio_Speech_Actors_01-24/Actor_02/03-01-05-01-02-01-02.wav,3,1,5,1,2,1,2,angry
Audio_Speech_Actors_01-24/Actor_02/03-01-05-02-01-01-02.wav,3,1,5,2,1,1,2,angry
Audio_Speech_Actors_01-24/Actor_02/03-01-06-02-01-02-02.wav,3,1,6,2,1,2,2,fearful
Audio_Speech_Actors_01-24/Actor_02/03-01-04-01-01-02-02.wav,3,1,4,1,1,2,2,sad
Audio_Speech_Actors_01-24/Actor_02/03-01-07-01-01-01-02.wav,3,1,7,1,1,1,2,disgust
Audio_Speech_Actors_01-24/Actor_02/03-01-07-02-02-01-02.wav,3,1,7,2,2,1,2,disgust
Audio_Speech_Actors_01-24/Actor_02/03-01-04-02-02-02-02.wav,3,1,4,2,2,2,2,sad
Audio_Speech_Actors_01-24/Actor_02/03-01-08-02-02-01-02.wav,3,1,8,2,2,1,2,surprised
Audio_Speech_Actors_01-24/Actor_02/03-01-08-01-01-01-02.wav,3,1,8,1,1,1,2,surprised
Audio_Speech_Actors_01-24/Actor_02/03-01-03-02-02-02-02.wav,3,1,3,2,2,2,2,happy
Audio_Speech_Actors_01-24/Actor_02/03-01-03-01-01-02-02.wav,3,1,3,1,1,2,2,happy
Audio_Speech_Actors_01-24/Actor_02/03-01-02-02-01-01-02.wav,3,1,2,2,1,1,2,calm
Audio_Speech_Actors_01-24/Actor_02/03-01-02-01-02-01-02.wav,3,1,2,1,2,1,2,calm
Audio_Speech_Actors_01-24/Actor_02/03-01-01-01-02-02-02.wav,3,1,1,1,2,2,2,neutral
Audio_Speech_Actors_01-24/Actor_02/03-01-03-02-01-01-02.wav,3,1,3,2,1,1,2,happy
Audio_Speech_Actors_01-24/Actor_02/03-01-03-01-02-01-02.wav,3,1,3,1,2,1,2,happy
Audio_Speech_Actors_01-24/Actor_02/03-01-02-02-02-02-02.wav,3,1,2,2,2,2,2,calm
Audio_Speech_Actors_01-24/Actor_02/03-01-01-01-01-01-02.wav,3,1,1,1,1,1,2,neutral
Audio_Speech_Actors_01-24/Actor_02/03-01-02-01-01-02-02.wav,3,1,2,1,1,2,2,calm
Audio_Speech_Actors_01-24/Actor_02/03-01-05-01-01-02-02.wav,3,1,5,1,1,2,2,angry
Audio_Speech_Actors_01-24/Actor_02/03-01-06-01-01-01-02.wav,3,1,6,1,1,1,2,fearful
Audio_Speech_Actors_01-24/Actor_02/03-01-06-02-02-01-02.wav,3,1,6,2,2,1,2,fearful
Audio_Speech_Actors_01-24/Actor_02/03-01-05-02-02-02-02.wav,3,1,5,2,2,2,2,angry
Audio_Speech_Actors_01-24/Actor_02/03-01-07-01-02-02-02.wav,3,1,7,1,2,2,2,disgust
Audio_Speech_Actors_01-24/Actor_02/03-01-04-01-02-01-02.wav,3,1,4,1,2,1,2,sad
Audio_Speech_Actors_01-24/Actor_02/03-01-04-02-01-01-02.wav,3,1,4,2,1,1,2,sad
Audio_Speech_Actors_01-24/Actor_02/03-01-07-02-01-02-02.wav,3,1,7,2,1,2,2,disgust
Audio_Speech_Actors_01-24/Actor_02/03-01-08-02-01-02-02.wav,3,1,8,2,1,2,2,surprised
Audio_Speech_Actors_01-24/Actor_02/03-01-08-01-02-02-02.wav,3,1,8,1,2,2,2,surprised
Audio_Speech_Actors_01-24/Actor_02/03-01-01-01-02-01-02.wav,3,1,1,1,2,1,2,neutral
Audio_Speech_Actors_01-24/Actor_02/03-01-02-01-02-02-02.wav,3,1,2,1,2,2,2,calm
Audio_Speech_Actors_01-24/Actor_02/03-01-02-02-01-02-02.wav,3,1,2,2,1,2,2,calm
Audio_Speech_Actors_01-24/Actor_02/03-01-03-01-01-01-02.wav,3,1,3,1,1,1,2,happy
Audio_Speech_Actors_01-24/Actor_02/03-01-03-02-02-01-02.wav,3,1,3,2,2,1,2,happy
Audio_Speech_Actors_01-24/Actor_02/03-01-04-02-02-01-02.wav,3,1,4,2,2,1,2,sad
Audio_Speech_Actors_01-24/Actor_02/03-01-07-02-02-02-02.wav,3,1,7,2,2,2,2,disgust
Audio_Speech_Actors_01-24/Actor_02/03-01-07-01-01-02-02.wav,3,1,7,1,1,2,2,disgust
Audio_Speech_Actors_01-24/Actor_02/03-01-04-01-01-01-02.wav,3,1,4,1,1,1,2,sad
Audio_Speech_Actors_01-24/Actor_02/03-01-06-02-01-01-02.wav,3,1,6,2,1,1,2,fearful
Audio_Speech_Actors_01-24/Actor_02/03-01-05-02-01-02-02.wav,3,1,5,2,1,2,2,angry
Audio_Speech_Actors_01-24/Actor_02/03-01-05-01-02-02-02.wav,3,1,5,1,2,2,2,angry
Audio_Speech_Actors_01-24/Actor_02/03-01-06-01-02-01-02.wav,3,1,6,1,2,1,2,fearful
Audio_Speech_Actors_01-24/Actor_02/03-01-08-01-01-02-02.wav,3,1,8,1,1,2,2,surprised
Audio_Speech_Actors_01-24/Actor_02/03-01-08-02-02-02-02.wav,3,1,8,2,2,2,2,surprised
Audio_Speech_Actors_01-24/Actor_02/03-01-07-02-01-01-02.wav,3,1,7,2,1,1,2,disgust
Audio_Speech_Actors_01-24/Actor_02/03-01-04-02-01-02-02.wav,3,1,4,2,1,2,2,sad
Audio_Speech_Actors_01-24/Actor_02/03-01-04-01-02-02-02.wav,3,1,4,1,2,2,2,sad
Audio_Speech_Actors_01-24/Actor_02/03-01-07-01-02-01-02.wav,3,1,7,1,2,1,2,disgust
Audio_Speech_Actors_01-24/Actor_02/03-01-05-02-02-01-02.wav,3,1,5,2,2,1,2,angry
Audio_Speech_Actors_01-24/Actor_02/03-01-06-02-02-02-02.wav,3,1,6,2,2,2,2,fearful
Audio_Speech_Actors_01-24/Actor_02/03-01-06-01-01-02-02.wav,3,1,6,1,1,2,2,fearful
Audio_Speech_Actors_01-24/Actor_02/03-01-05-01-01-01-02.wav,3,1,5,1,1,1,2,angry
Audio_Speech_Actors_01-24/Actor_02/03-01-08-01-02-01-02.wav,3,1,8,1,2,1,2,surprised
Audio_Speech_Actors_01-24/Actor_02/03-01-08-02-01-01-02.wav,3,1,8,2,1,1,2,surprised
Audio_Speech_Actors_01-24/Actor_02/03-01-02-01-01-01-02.wav,3,1,2,1,1,1,2,calm
Audio_Speech_Actors_01-24/Actor_02/03-01-01-01-01-02-02.wav,3,1,1,1,1,2,2,neutral
Audio_Speech_Actors_01-24/Actor_02/03-01-02-02-02-01-02.wav,3,1,2,2,2,1,2,calm
Audio_Speech_Actors_01-24/Actor_02/03-01-03-01-02-02-02.wav,3,1,3,1,2,2,2,happy
Audio_Speech_Actors_01-24/Actor_02/03-01-03-02-01-02-02.wav,3,1,3,2,1,2,2,happy
Audio_Speech_Actors_01-24/Actor_05/03-01-02-01-02-01-05.wav,3,1,2,1,2,1,5,calm
Audio_Speech_Actors_01-24/Actor_05/03-01-01-01-02-02-05.wav,3,1,1,1,2,2,5,neutral
Audio_Speech_Actors_01-24/Actor_05/03-01-02-02-01-01-05.wav,3,1,2,2,1,1,5,calm
Audio_Speech_Actors_01-24/Actor_05/03-01-03-01-01-02-05.wav,3,1,3,1,1,2,5,happy
Audio_Speech_Actors_01-24/Actor_05/03-01-03-02-02-02-05.wav,3,1,3,2,2,2,5,happy
Audio_Speech_Actors_01-24/Actor_05/03-01-07-02-02-01-05.wav,3,1,7,2,2,1,5,disgust
Audio_Speech_Actors_01-24/Actor_05/03-01-04-02-02-02-05.wav,3,1,4,2,2,2,5,sad
Audio_Speech_Actors_01-24/Actor_05/03-01-04-01-01-02-05.wav,3,1,4,1,1,2,5,sad
Audio_Speech_Actors_01-24/Actor_05/03-01-07-01-01-01-05.wav,3,1,7,1,1,1,5,disgust
Audio_Speech_Actors_01-24/Actor_05/03-01-05-02-01-01-05.wav,3,1,5,2,1,1,5,angry
Audio_Speech_Actors_01-24/Actor_05/03-01-06-02-01-02-05.wav,3,1,6,2,1,2,5,fearful
Audio_Speech_Actors_01-24/Actor_05/03-01-06-01-02-02-05.wav,3,1,6,1,2,2,5,fearful
Audio_Speech_Actors_01-24/Actor_05/03-01-05-01-02-01-05.wav,3,1,5,1,2,1,5,angry
Audio_Speech_Actors_01-24/Actor_05/03-01-08-01-01-01-05.wav,3,1,8,1,1,1,5,surprised
Audio_Speech_Actors_01-24/Actor_05/03-01-08-02-02-01-05.wav,3,1,8,2,2,1,5,surprised
Audio_Speech_Actors_01-24/Actor_05/03-01-04-02-01-01-05.wav,3,1,4,2,1,1,5,sad
Audio_Speech_Actors_01-24/Actor_05/03-01-07-02-01-02-05.wav,3,1,7,2,1,2,5,disgust
Audio_Speech_Actors_01-24/Actor_05/03-01-07-01-02-02-05.wav,3,1,7,1,2,2,5,disgust
Audio_Speech_Actors_01-24/Actor_05/03-01-04-01-02-01-05.wav,3,1,4,1,2,1,5,sad
Audio_Speech_Actors_01-24/Actor_05/03-01-06-02-02-01-05.wav,3,1,6,2,2,1,5,fearful
Audio_Speech_Actors_01-24/Actor_05/03-01-05-02-02-02-05.wav,3,1,5,2,2,2,5,angry
Audio_Speech_Actors_01-24/Actor_05/03-01-05-01-01-02-05.wav,3,1,5,1,1,2,5,angry
Audio_Speech_Actors_01-24/Actor_05/03-01-06-01-01-01-05.wav,3,1,6,1,1,1,5,fearful
Audio_Speech_Actors_01-24/Actor_05/03-01-08-01-02-02-05.wav,3,1,8,1,2,2,5,surprised
Audio_Speech_Actors_01-24/Actor_05/03-01-08-02-01-02-05.wav,3,1,8,2,1,2,5,surprised
Audio_Speech_Actors_01-24/Actor_05/03-01-01-01-01-01-05.wav,3,1,1,1,1,1,5,neutral
Audio_Speech_Actors_01-24/Actor_05/03-01-02-01-01-02-05.wav,3,1,2,1,1,2,5,calm
Audio_Speech_Actors_01-24/Actor_05/03-01-02-02-02-02-05.wav,3,1,2,2,2,2,5,calm
Audio_Speech_Actors_01-24/Actor_05/03-01-03-01-02-01-05.wav,3,1,3,1,2,1,5,happy
Audio_Speech_Actors_01-24/Actor_05/03-01-03-02-01-01-05.wav,3,1,3,2,1,1,5,happy
Audio_Speech_Actors_01-24/Actor_05/03-01-05-01-02-02-05.wav,3,1,5,1,2,2,5,angry
Audio_Speech_Actors_01-24/Actor_05/03-01-06-01-02-01-05.wav,3,1,6,1,2,1,5,fearful
Audio_Speech_Actors_01-24/Actor_05/03-01-06-02-01-01-05.wav,3,1,6,2,1,1,5,fearful
Audio_Speech_Actors_01-24/Actor_05/03-01-05-02-01-02-05.wav,3,1,5,2,1,2,5,angry
Audio_Speech_Actors_01-24/Actor_05/03-01-07-01-01-02-05.wav,3,1,7,1,1,2,5,disgust
Audio_Speech_Actors_01-24/Actor_05/03-01-04-01-01-01-05.wav,3,1,4,1,1,1,5,sad
Audio_Speech_Actors_01-24/Actor_05/03-01-04-02-02-01-05.wav,3,1,4,2,2,1,5,sad
Audio_Speech_Actors_01-24/Actor_05/03-01-07-02-02-02-05.wav,3,1,7,2,2,2,5,disgust
Audio_Speech_Actors_01-24/Actor_05/03-01-08-02-02-02-05.wav,3,1,8,2,2,2,5,surprised
Audio_Speech_Actors_01-24/Actor_05/03-01-08-01-01-02-05.wav,3,1,8,1,1,2,5,surprised
Audio_Speech_Actors_01-24/Actor_05/03-01-03-02-02-01-05.wav,3,1,3,2,2,1,5,happy
Audio_Speech_Actors_01-24/Actor_05/03-01-03-01-01-01-05.wav,3,1,3,1,1,1,5,happy
Audio_Speech_Actors_01-24/Actor_05/03-01-02-02-01-02-05.wav,3,1,2,2,1,2,5,calm
Audio_Speech_Actors_01-24/Actor_05/03-01-01-01-02-01-05.wav,3,1,1,1,2,1,5,neutral
Audio_Speech_Actors_01-24/Actor_05/03-01-02-01-02-02-05.wav,3,1,2,1,2,2,5,calm
Audio_Speech_Actors_01-24/Actor_05/03-01-03-02-01-02-05.wav,3,1,3,2,1,2,5,happy
Audio_Speech_Actors_01-24/Actor_05/03-01-03-01-02-02-05.wav,3,1,3,1,2,2,5,happy
Audio_Speech_Actors_01-24/Actor_05/03-01-02-02-02-01-05.wav,3,1,2,2,2,1,5,calm
Audio_Speech_Actors_01-24/Actor_05/03-01-02-01-01-01-05.wav,3,1,2,1,1,1,5,calm
Audio_Speech_Actors_01-24/Actor_05/03-01-01-01-01-02-05.wav,3,1,1,1,1,2,5,neutral
Audio_Speech_Actors_01-24/Actor_05/03-01-06-01-01-02-05.wav,3,1,6,1,1,2,5,fearful
Audio_Speech_Actors_01-24/Actor_05/03-01-05-01-01-01-05.wav,3,1,5,1,1,1,5,angry
Audio_Speech_Actors_01-24/Actor_05/03-01-05-02-02-01-05.wav,3,1,5,2,2,1,5,angry
Audio_Speech_Actors_01-24/Actor_05/03-01-06-02-02-02-05.wav,3,1,6,2,2,2,5,fearful
Audio_Speech_Actors_01-24/Actor_05/03-01-04-01-02-02-05.wav,3,1,4,1,2,2,5,sad
Audio_Speech_Actors_01-24/Actor_05/03-01-07-01-02-01-05.wav,3,1,7,1,2,1,5,disgust
Audio_Speech_Actors_01-24/Actor_05/03-01-07-02-01-01-05.wav,3,1,7,2,1,1,5,disgust
Audio_Speech_Actors_01-24/Actor_05/03-01-04-02-01-02-05.wav,3,1,4,2,1,2,5,sad
Audio_Speech_Actors_01-24/Actor_05/03-01-08-02-01-01-05.wav,3,1,8,2,1,1,5,surprised
Audio_Speech_Actors_01-24/Actor_05/03-01-08-01-02-01-05.wav,3,1,8,1,2,1,5,surprised
Audio_Speech_Actors_01-24/Actor_12/03-01-02-01-02-01-12.wav,3,1,2,1,2,1,12,calm
Audio_Speech_Actors_01-24/Actor_12/03-01-01-01-02-02-12.wav,3,1,1,1,2,2,12,neutral
Audio_Speech_Actors_01-24/Actor_12/03-01-02-02-01-01-12.wav,3,1,2,2,1,1,12,calm
Audio_Speech_Actors_01-24/Actor_12/03-01-03-01-01-02-12.wav,3,1,3,1,1,2,12,happy
Audio_Speech_Actors_01-24/Actor_12/03-01-03-02-02-02-12.wav,3,1,3,2,2,2,12,happy
Audio_Speech_Actors_01-24/Actor_12/03-01-08-01-01-01-12.wav,3,1,8,1,1,1,12,surprised
Audio_Speech_Actors_01-24/Actor_12/03-01-08-02-02-01-12.wav,3,1,8,2,2,1,12,surprised
Audio_Speech_Actors_01-24/Actor_12/03-01-07-02-02-01-12.wav,3,1,7,2,2,1,12,disgust
Audio_Speech_Actors_01-24/Actor_12/03-01-04-02-02-02-12.wav,3,1,4,2,2,2,12,sad
Audio_Speech_Actors_01-24/Actor_12/03-01-04-01-01-02-12.wav,3,1,4,1,1,2,12,sad
Audio_Speech_Actors_01-24/Actor_12/03-01-07-01-01-01-12.wav,3,1,7,1,1,1,12,disgust
Audio_Speech_Actors_01-24/Actor_12/03-01-05-02-01-01-12.wav,3,1,5,2,1,1,12,angry
Audio_Speech_Actors_01-24/Actor_12/03-01-06-02-01-02-12.wav,3,1,6,2,1,2,12,fearful
Audio_Speech_Actors_01-24/Actor_12/03-01-06-01-02-02-12.wav,3,1,6,1,2,2,12,fearful
Audio_Speech_Actors_01-24/Actor_12/03-01-05-01-02-01-12.wav,3,1,5,1,2,1,12,angry
Audio_Speech_Actors_01-24/Actor_12/03-01-08-01-02-02-12.wav,3,1,8,1,2,2,12,surprised
Audio_Speech_Actors_01-24/Actor_12/03-01-08-02-01-02-12.wav,3,1,8,2,1,2,12,surprised
Audio_Speech_Actors_01-24/Actor_12/03-01-04-02-01-01-12.wav,3,1,4,2,1,1,12,sad
Audio_Speech_Actors_01-24/Actor_12/03-01-07-02-01-02-12.wav,3,1,7,2,1,2,12,disgust
Audio_Speech_Actors_01-24/Actor_12/03-01-07-01-02-02-12.wav,3,1,7,1,2,2,12,disgust
Audio_Speech_Actors_01-24/Actor_12/03-01-04-01-02-01-12.wav,3,1,4,1,2,1,12,sad
Audio_Speech_Actors_01-24/Actor_12/03-01-06-02-02-01-12.wav,3,1,6,2,2,1,12,fearful
Audio_Speech_Actors_01-24/Actor_12/03-01-05-02-02-02-12.wav,3,1,5,2,2,2,12,angry
Audio_Speech_Actors_01-24/Actor_12/03-01-05-01-01-02-12.wav,3,1,5,1,1,2,12,angry
Audio_Speech_Actors_01-24/Actor_12/03-01-06-01-01-01-12.wav,3,1,6,1,1,1,12,fearful
Audio_Speech_Actors_01-24/Actor_12/03-01-01-01-01-01-12.wav,3,1,1,1,1,1,12,neutral
Audio_Speech_Actors_01-24/Actor_12/03-01-02-01-01-02-12.wav,3,1,2,1,1,2,12,calm
Audio_Speech_Actors_01-24/Actor_12/03-01-02-02-02-02-12.wav,3,1,2,2,2,2,12,calm
Audio_Speech_Actors_01-24/Actor_12/03-01-03-01-02-01-12.wav,3,1,3,1,2,1,12,happy
Audio_Speech_Actors_01-24/Actor_12/03-01-03-02-01-01-12.wav,3,1,3,2,1,1,12,happy
Audio_Speech_Actors_01-24/Actor_12/03-01-08-02-02-02-12.wav,3,1,8,2,2,2,12,surprised
Audio_Speech_Actors_01-24/Actor_12/03-01-08-01-01-02-12.wav,3,1,8,1,1,2,12,surprised
Audio_Speech_Actors_01-24/Actor_12/03-01-05-01-02-02-12.wav,3,1,5,1,2,2,12,angry
Audio_Speech_Actors_01-24/Actor_12/03-01-06-01-02-01-12.wav,3,1,6,1,2,1,12,fearful
Audio_Speech_Actors_01-24/Actor_12/03-01-06-02-01-01-12.wav,3,1,6,2,1,1,12,fearful
Audio_Speech_Actors_01-24/Actor_12/03-01-05-02-01-02-12.wav,3,1,5,2,1,2,12,angry
Audio_Speech_Actors_01-24/Actor_12/03-01-07-01-01-02-12.wav,3,1,7,1,1,2,12,disgust
Audio_Speech_Actors_01-24/Actor_12/03-01-04-01-01-01-12.wav,3,1,4,1,1,1,12,sad
Audio_Speech_Actors_01-24/Actor_12/03-01-04-02-02-01-12.wav,3,1,4,2,2,1,12,sad
Audio_Speech_Actors_01-24/Actor_12/03-01-07-02-02-02-12.wav,3,1,7,2,2,2,12,disgust
Audio_Speech_Actors_01-24/Actor_12/03-01-03-02-02-01-12.wav,3,1,3,2,2,1,12,happy
Audio_Speech_Actors_01-24/Actor_12/03-01-03-01-01-01-12.wav,3,1,3,1,1,1,12,happy
Audio_Speech_Actors_01-24/Actor_12/03-01-02-02-01-02-12.wav,3,1,2,2,1,2,12,calm
Audio_Speech_Actors_01-24/Actor_12/03-01-01-01-02-01-12.wav,3,1,1,1,2,1,12,neutral
Audio_Speech_Actors_01-24/Actor_12/03-01-02-01-02-02-12.wav,3,1,2,1,2,2,12,calm
Audio_Speech_Actors_01-24/Actor_12/03-01-03-02-01-02-12.wav,3,1,3,2,1,2,12,happy
Audio_Speech_Actors_01-24/Actor_12/03-01-03-01-02-02-12.wav,3,1,3,1,2,2,12,happy
Audio_Speech_Actors_01-24/Actor_12/03-01-02-02-02-01-12.wav,3,1,2,2,2,1,12,calm
Audio_Speech_Actors_01-24/Actor_12/03-01-02-01-01-01-12.wav,3,1,2,1,1,1,12,calm
Audio_Speech_Actors_01-24/Actor_12/03-01-01-01-01-02-12.wav,3,1,1,1,1,2,12,neutral
Audio_Speech_Actors_01-24/Actor_12/03-01-08-02-01-01-12.wav,3,1,8,2,1,1,12,surprised
Audio_Speech_Actors_01-24/Actor_12/03-01-08-01-02-01-12.wav,3,1,8,1,2,1,12,surprised
Audio_Speech_Actors_01-24/Actor_12/03-01-06-01-01-02-12.wav,3,1,6,1,1,2,12,fearful
Audio_Speech_Actors_01-24/Actor_12/03-01-05-01-01-01-12.wav,3,1,5,1,1,1,12,angry
Audio_Speech_Actors_01-24/Actor_12/03-01-05-02-02-01-12.wav,3,1,5,2,2,1,12,angry
Audio_Speech_Actors_01-24/Actor_12/03-01-06-02-02-02-12.wav,3,1,6,2,2,2,12,fearful
Audio_Speech_Actors_01-24/Actor_12/03-01-04-01-02-02-12.wav,3,1,4,1,2,2,12,sad
Audio_Speech_Actors_01-24/Actor_12/03-01-07-01-02-01-12.wav,3,1,7,1,2,1,12,disgust
Audio_Speech_Actors_01-24/Actor_12/03-01-07-02-01-01-12.wav,3,1,7,2,1,1,12,disgust
Audio_Speech_Actors_01-24/Actor_12/03-01-04-02-01-02-12.wav,3,1,4,2,1,2,12,sad
Audio_Speech_Actors_01-24/Actor_15/03-01-08-02-02-01-15.wav,3,1,8,2,2,1,15,surprised
Audio_Speech_Actors_01-24/Actor_15/03-01-08-01-01-01-15.wav,3,1,8,1,1,1,15,surprised
Audio_Speech_Actors_01-24/Actor_15/03-01-06-01-02-02-15.wav,3,1,6,1,2,2,15,fearful
Audio_Speech_Actors_01-24/Actor_15/03-01-05-01-02-01-15.wav,3,1,5,1,2,1,15,angry
Audio_Speech_Actors_01-24/Actor_15/03-01-05-02-01-01-15.wav,3,1,5,2,1,1,15,angry
Audio_Speech_Actors_01-24/Actor_15/03-01-06-02-01-02-15.wav,3,1,6,2,1,2,15,fearful
Audio_Speech_Actors_01-24/Actor_15/03-01-04-01-01-02-15.wav,3,1,4,1,1,2,15,sad
Audio_Speech_Actors_01-24/Actor_15/03-01-07-01-01-01-15.wav,3,1,7,1,1,1,15,disgust
Audio_Speech_Actors_01-24/Actor_15/03-01-07-02-02-01-15.wav,3,1,7,2,2,1,15,disgust
Audio_Speech_Actors_01-24/Actor_15/03-01-04-02-02-02-15.wav,3,1,4,2,2,2,15,sad
Audio_Speech_Actors_01-24/Actor_15/03-01-03-02-02-02-15.wav,3,1,3,2,2,2,15,happy
Audio_Speech_Actors_01-24/Actor_15/03-01-03-01-01-02-15.wav,3,1,3,1,1,2,15,happy
Audio_Speech_Actors_01-24/Actor_15/03-01-02-02-01-01-15.wav,3,1,2,2,1,1,15,calm
Audio_Speech_Actors_01-24/Actor_15/03-01-02-01-02-01-15.wav,3,1,2,1,2,1,15,calm
Audio_Speech_Actors_01-24/Actor_15/03-01-01-01-02-02-15.wav,3,1,1,1,2,2,15,neutral
Audio_Speech_Actors_01-24/Actor_15/03-01-03-02-01-01-15.wav,3,1,3,2,1,1,15,happy
Audio_Speech_Actors_01-24/Actor_15/03-01-03-01-02-01-15.wav,3,1,3,1,2,1,15,happy
Audio_Speech_Actors_01-24/Actor_15/03-01-02-02-02-02-15.wav,3,1,2,2,2,2,15,calm
Audio_Speech_Actors_01-24/Actor_15/03-01-01-01-01-01-15.wav,3,1,1,1,1,1,15,neutral
Audio_Speech_Actors_01-24/Actor_15/03-01-02-01-01-02-15.wav,3,1,2,1,1,2,15,calm
Audio_Speech_Actors_01-24/Actor_15/03-01-08-02-01-02-15.wav,3,1,8,2,1,2,15,surprised
Audio_Speech_Actors_01-24/Actor_15/03-01-08-01-02-02-15.wav,3,1,8,1,2,2,15,surprised
Audio_Speech_Actors_01-24/Actor_15/03-01-05-01-01-02-15.wav,3,1,5,1,1,2,15,angry
Audio_Speech_Actors_01-24/Actor_15/03-01-06-01-01-01-15.wav,3,1,6,1,1,1,15,fearful
Audio_Speech_Actors_01-24/Actor_15/03-01-06-02-02-01-15.wav,3,1,6,2,2,1,15,fearful
Audio_Speech_Actors_01-24/Actor_15/03-01-05-02-02-02-15.wav,3,1,5,2,2,2,15,angry
Audio_Speech_Actors_01-24/Actor_15/03-01-07-01-02-02-15.wav,3,1,7,1,2,2,15,disgust
Audio_Speech_Actors_01-24/Actor_15/03-01-04-01-02-01-15.wav,3,1,4,1,2,1,15,sad
Audio_Speech_Actors_01-24/Actor_15/03-01-04-02-01-01-15.wav,3,1,4,2,1,1,15,sad
Audio_Speech_Actors_01-24/Actor_15/03-01-07-02-01-02-15.wav,3,1,7,2,1,2,15,disgust
Audio_Speech_Actors_01-24/Actor_15/03-01-01-01-02-01-15.wav,3,1,1,1,2,1,15,neutral
Audio_Speech_Actors_01-24/Actor_15/03-01-02-01-02-02-15.wav,3,1,2,1,2,2,15,calm
Audio_Speech_Actors_01-24/Actor_15/03-01-02-02-01-02-15.wav,3,1,2,2,1,2,15,calm
Audio_Speech_Actors_01-24/Actor_15/03-01-03-01-01-01-15.wav,3,1,3,1,1,1,15,happy
Audio_Speech_Actors_01-24/Actor_15/03-01-03-02-02-01-15.wav,3,1,3,2,2,1,15,happy
Audio_Speech_Actors_01-24/Actor_15/03-01-08-01-01-02-15.wav,3,1,8,1,1,2,15,surprised
Audio_Speech_Actors_01-24/Actor_15/03-01-08-02-02-02-15.wav,3,1,8,2,2,2,15,surprised
Audio_Speech_Actors_01-24/Actor_15/03-01-04-02-02-01-15.wav,3,1,4,2,2,1,15,sad
Audio_Speech_Actors_01-24/Actor_15/03-01-07-02-02-02-15.wav,3,1,7,2,2,2,15,disgust
Audio_Speech_Actors_01-24/Actor_15/03-01-07-01-01-02-15.wav,3,1,7,1,1,2,15,disgust
Audio_Speech_Actors_01-24/Actor_15/03-01-04-01-01-01-15.wav,3,1,4,1,1,1,15,sad
Audio_Speech_Actors_01-24/Actor_15/03-01-06-02-01-01-15.wav,3,1,6,2,1,1,15,fearful
Audio_Speech_Actors_01-24/Actor_15/03-01-05-02-01-02-15.wav,3,1,5,2,1,2,15,angry
Audio_Speech_Actors_01-24/Actor_15/03-01-05-01-02-02-15.wav,3,1,5,1,2,2,15,angry
Audio_Speech_Actors_01-24/Actor_15/03-01-06-01-02-01-15.wav,3,1,6,1,2,1,15,fearful
Audio_Speech_Actors_01-24/Actor_15/03-01-08-01-02-01-15.wav,3,1,8,1,2,1,15,surprised
Audio_Speech_Actors_01-24/Actor_15/03-01-08-02-01-01-15.wav,3,1,8,2,1,1,15,surprised
Audio_Speech_Actors_01-24/Actor_15/03-01-07-02-01-01-15.wav,3,1,7,2,1,1,15,disgust
Audio_Speech_Actors_01-24/Actor_15/03-01-04-02-01-02-15.wav,3,1,4,2,1,2,15,sad
Audio_Speech_Actors_01-24/Actor_15/03-01-04-01-02-02-15.wav,3,1,4,1,2,2,15,sad
Audio_Speech_Actors_01-24/Actor_15/03-01-07-01-02-01-15.wav,3,1,7,1,2,1,15,disgust
Audio_Speech_Actors_01-24/Actor_15/03-01-05-02-02-01-15.wav,3,1,5,2,2,1,15,angry
Audio_Speech_Actors_01-24/Actor_15/03-01-06-02-02-02-15.wav,3,1,6,2,2,2,15,fearful
Audio_Speech_Actors_01-24/Actor_15/03-01-06-01-01-02-15.wav,3,1,6,1,1,2,15,fearful
Audio_Speech_Actors_01-24/Actor_15/03-01-05-01-01-01-15.wav,3,1,5,1,1,1,15,angry
Audio_Speech_Actors_01-24/Actor_15/03-01-02-01-01-01-15.wav,3,1,2,1,1,1,15,calm
Audio_Speech_Actors_01-24/Actor_15/03-01-01-01-01-02-15.wav,3,1,1,1,1,2,15,neutral
Audio_Speech_Actors_01-24/Actor_15/03-01-02-02-02-01-15.wav,3,1,2,2,2,1,15,calm
Audio_Speech_Actors_01-24/Actor_15/03-01-03-01-02-02-15.wav,3,1,3,1,2,2,15,happy
Audio_Speech_Actors_01-24/Actor_15/03-01-03-02-01-02-15.wav,3,1,3,2,1,2,15,happy
Audio_Speech_Actors_01-24/Actor_23/03-01-07-02-01-01-23.wav,3,1,7,2,1,1,23,disgust
Audio_Speech_Actors_01-24/Actor_23/03-01-04-02-01-02-23.wav,3,1,4,2,1,2,23,sad
Audio_Speech_Actors_01-24/Actor_23/03-01-04-01-02-02-23.wav,3,1,4,1,2,2,23,sad
Audio_Speech_Actors_01-24/Actor_23/03-01-07-01-02-01-23.wav,3,1,7,1,2,1,23,disgust
Audio_Speech_Actors_01-24/Actor_23/03-01-05-02-02-01-23.wav,3,1,5,2,2,1,23,angry
Audio_Speech_Actors_01-24/Actor_23/03-01-06-02-02-02-23.wav,3,1,6,2,2,2,23,fearful
Audio_Speech_Actors_01-24/Actor_23/03-01-06-01-01-02-23.wav,3,1,6,1,1,2,23,fearful
Audio_Speech_Actors_01-24/Actor_23/03-01-05-01-01-01-23.wav,3,1,5,1,1,1,23,angry
Audio_Speech_Actors_01-24/Actor_23/03-01-08-01-02-01-23.wav,3,1,8,1,2,1,23,surprised
Audio_Speech_Actors_01-24/Actor_23/03-01-08-02-01-01-23.wav,3,1,8,2,1,1,23,surprised
Audio_Speech_Actors_01-24/Actor_23/03-01-02-01-01-01-23.wav,3,1,2,1,1,1,23,calm
Audio_Speech_Actors_01-24/Actor_23/03-01-01-01-01-02-23.wav,3,1,1,1,1,2,23,neutral
Audio_Speech_Actors_01-24/Actor_23/03-01-02-02-02-01-23.wav,3,1,2,2,2,1,23,calm
Audio_Speech_Actors_01-24/Actor_23/03-01-03-01-02-02-23.wav,3,1,3,1,2,2,23,happy
Audio_Speech_Actors_01-24/Actor_23/03-01-03-02-01-02-23.wav,3,1,3,2,1,2,23,happy
Audio_Speech_Actors_01-24/Actor_23/03-01-01-01-02-01-23.wav,3,1,1,1,2,1,23,neutral
Audio_Speech_Actors_01-24/Actor_23/03-01-02-01-02-02-23.wav,3,1,2,1,2,2,23,calm
Audio_Speech_Actors_01-24/Actor_23/03-01-02-02-01-02-23.wav,3,1,2,2,1,2,23,calm
Audio_Speech_Actors_01-24/Actor_23/03-01-03-01-01-01-23.wav,3,1,3,1,1,1,23,happy
Audio_Speech_Actors_01-24/Actor_23/03-01-03-02-02-01-23.wav,3,1,3,2,2,1,23,happy
Audio_Speech_Actors_01-24/Actor_23/03-01-04-02-02-01-23.wav,3,1,4,2,2,1,23,sad
Audio_Speech_Actors_01-24/Actor_23/03-01-07-02-02-02-23.wav,3,1,7,2,2,2,23,disgust
Audio_Speech_Actors_01-24/Actor_23/03-01-07-01-01-02-23.wav,3,1,7,1,1,2,23,disgust
Audio_Speech_Actors_01-24/Actor_23/03-01-04-01-01-01-23.wav,3,1,4,1,1,1,23,sad
Audio_Speech_Actors_01-24/Actor_23/03-01-06-02-01-01-23.wav,3,1,6,2,1,1,23,fearful
Audio_Speech_Actors_01-24/Actor_23/03-01-05-02-01-02-23.wav,3,1,5,2,1,2,23,angry
Audio_Speech_Actors_01-24/Actor_23/03-01-05-01-02-02-23.wav,3,1,5,1,2,2,23,angry
Audio_Speech_Actors_01-24/Actor_23/03-01-06-01-02-01-23.wav,3,1,6,1,2,1,23,fearful
Audio_Speech_Actors_01-24/Actor_23/03-01-08-01-01-02-23.wav,3,1,8,1,1,2,23,surprised
Audio_Speech_Actors_01-24/Actor_23/03-01-08-02-02-02-23.wav,3,1,8,2,2,2,23,surprised
Audio_Speech_Actors_01-24/Actor_23/03-01-03-02-01-01-23.wav,3,1,3,2,1,1,23,happy
Audio_Speech_Actors_01-24/Actor_23/03-01-03-01-02-01-23.wav,3,1,3,1,2,1,23,happy
Audio_Speech_Actors_01-24/Actor_23/03-01-02-02-02-02-23.wav,3,1,2,2,2,2,23,calm
Audio_Speech_Actors_01-24/Actor_23/03-01-01-01-01-01-23.wav,3,1,1,1,1,1,23,neutral
Audio_Speech_Actors_01-24/Actor_23/03-01-02-01-01-02-23.wav,3,1,2,1,1,2,23,calm
Audio_Speech_Actors_01-24/Actor_23/03-01-05-01-01-02-23.wav,3,1,5,1,1,2,23,angry
Audio_Speech_Actors_01-24/Actor_23/03-01-06-01-01-01-23.wav,3,1,6,1,1,1,23,fearful
Audio_Speech_Actors_01-24/Actor_23/03-01-06-02-02-01-23.wav,3,1,6,2,2,1,23,fearful
Audio_Speech_Actors_01-24/Actor_23/03-01-05-02-02-02-23.wav,3,1,5,2,2,2,23,angry
Audio_Speech_Actors_01-24/Actor_23/03-01-07-01-02-02-23.wav,3,1,7,1,2,2,23,disgust
Audio_Speech_Actors_01-24/Actor_23/03-01-04-01-02-01-23.wav,3,1,4,1,2,1,23,sad
Audio_Speech_Actors_01-24/Actor_23/03-01-04-02-01-01-23.wav,3,1,4,2,1,1,23,sad
Audio_Speech_Actors_01-24/Actor_23/03-01-07-02-01-02-23.wav,3,1,7,2,1,2,23,disgust
Audio_Speech_Actors_01-24/Actor_23/03-01-08-02-01-02-23.wav,3,1,8,2,1,2,23,surprised
Audio_Speech_Actors_01-24/Actor_23/03-01-08-01-02-02-23.wav,3,1,8,1,2,2,23,surprised
Audio_Speech_Actors_01-24/Actor_23/03-01-06-01-02-02-23.wav,3,1,6,1,2,2,23,fearful
Audio_Speech_Actors_01-24/Actor_23/03-01-05-01-02-01-23.wav,3,1,5,1,2,1,23,angry
Audio_Speech_Actors_01-24/Actor_23/03-01-05-02-01-01-23.wav,3,1,5,2,1,1,23,angry
Audio_Speech_Actors_01-24/Actor_23/03-01-06-02-01-02-23.wav,3,1,6,2,1,2,23,fearful
Audio_Speech_Actors_01-24/Actor_23/03-01-04-01-01-02-23.wav,3,1,4,1,1,2,23,sad
Audio_Speech_Actors_01-24/Actor_23/03-01-07-01-01-01-23.wav,3,1,7,1,1,1,23,disgust
Audio_Speech_Actors_01-24/Actor_23/03-01-07-02-02-01-23.wav,3,1,7,2,2,1,23,disgust
Audio_Speech_Actors_01-24/Actor_23/03-01-04-02-02-02-23.wav,3,1,4,2,2,2,23,sad
Audio_Speech_Actors_01-24/Actor_23/03-01-08-02-02-01-23.wav,3,1,8,2,2,1,23,surprised
Audio_Speech_Actors_01-24/Actor_23/03-01-08-01-01-01-23.wav,3,1,8,1,1,1,23,surprised
Audio_Speech_Actors_01-24/Actor_23/03-01-03-02-02-02-23.wav,3,1,3,2,2,2,23,happy
Audio_Speech_Actors_01-24/Actor_23/03-01-03-01-01-02-23.wav,3,1,3,1,1,2,23,happy
Audio_Speech_Actors_01-24/Actor_23/03-01-02-02-01-01-23.wav,3,1,2,2,1,1,23,calm
Audio_Speech_Actors_01-24/Actor_23/03-01-02-01-02-01-23.wav,3,1,2,1,2,1,23,calm
Audio_Speech_Actors_01-24/Actor_23/03-01-01-01-02-02-23.wav,3,1,1,1,2,2,23,neutral
Audio_Speech_Actors_01-24/Actor_24/03-01-03-02-01-02-24.wav,3,1,3,2,1,2,24,happy
Audio_Speech_Actors_01-24/Actor_24/03-01-03-01-02-02-24.wav,3,1,3,1,2,2,24,happy
Audio_Speech_Actors_01-24/Actor_24/03-01-02-02-02-01-24.wav,3,1,2,2,2,1,24,calm
Audio_Speech_Actors_01-24/Actor_24/03-01-02-01-01-01-24.wav,3,1,2,1,1,1,24,calm
Audio_Speech_Actors_01-24/Actor_24/03-01-01-01-01-02-24.wav,3,1,1,1,1,2,24,neutral
Audio_Speech_Actors_01-24/Actor_24/03-01-06-01-01-02-24.wav,3,1,6,1,1,2,24,fearful
Audio_Speech_Actors_01-24/Actor_24/03-01-05-01-01-01-24.wav,3,1,5,1,1,1,24,angry
Audio_Speech_Actors_01-24/Actor_24/03-01-05-02-02-01-24.wav,3,1,5,2,2,1,24,angry
Audio_Speech_Actors_01-24/Actor_24/03-01-06-02-02-02-24.wav,3,1,6,2,2,2,24,fearful
Audio_Speech_Actors_01-24/Actor_24/03-01-04-01-02-02-24.wav,3,1,4,1,2,2,24,sad
Audio_Speech_Actors_01-24/Actor_24/03-01-07-01-02-01-24.wav,3,1,7,1,2,1,24,disgust
Audio_Speech_Actors_01-24/Actor_24/03-01-07-02-01-01-24.wav,3,1,7,2,1,1,24,disgust
Audio_Speech_Actors_01-24/Actor_24/03-01-04-02-01-02-24.wav,3,1,4,2,1,2,24,sad
Audio_Speech_Actors_01-24/Actor_24/03-01-08-02-01-01-24.wav,3,1,8,2,1,1,24,surprised
Audio_Speech_Actors_01-24/Actor_24/03-01-08-01-02-01-24.wav,3,1,8,1,2,1,24,surprised
Audio_Speech_Actors_01-24/Actor_24/03-01-05-01-02-02-24.wav,3,1,5,1,2,2,24,angry
Audio_Speech_Actors_01-24/Actor_24/03-01-06-01-02-01-24.wav,3,1,6,1,2,1,24,fearful
Audio_Speech_Actors_01-24/Actor_24/03-01-06-02-01-01-24.wav,3,1,6,2,1,1,24,fearful
Audio_Speech_Actors_01-24/Actor_24/03-01-05-02-01-02-24.wav,3,1,5,2,1,2,24,angry
Audio_Speech_Actors_01-24/Actor_24/03-01-07-01-01-02-24.wav,3,1,7,1,1,2,24,disgust
Audio_Speech_Actors_01-24/Actor_24/03-01-04-01-01-01-24.wav,3,1,4,1,1,1,24,sad
Audio_Speech_Actors_01-24/Actor_24/03-01-04-02-02-01-24.wav,3,1,4,2,2,1,24,sad
Audio_Speech_Actors_01-24/Actor_24/03-01-07-02-02-02-24.wav,3,1,7,2,2,2,24,disgust
Audio_Speech_Actors_01-24/Actor_24/03-01-08-02-02-02-24.wav,3,1,8,2,2,2,24,surprised
Audio_Speech_Actors_01-24/Actor_24/03-01-08-01-01-02-24.wav,3,1,8,1,1,2,24,surprised
Audio_Speech_Actors_01-24/Actor_24/03-01-03-02-02-01-24.wav,3,1,3,2,2,1,24,happy
Audio_Speech_Actors_01-24/Actor_24/03-01-03-01-01-01-24.wav,3,1,3,1,1,1,24,happy
Audio_Speech_Actors_01-24/Actor_24/03-01-02-02-01-02-24.wav,3,1,2,2,1,2,24,calm
Audio_Speech_Actors_01-24/Actor_24/03-01-01-01-02-01-24.wav,3,1,1,1,2,1,24,neutral
Audio_Speech_Actors_01-24/Actor_24/03-01-02-01-02-02-24.wav,3,1,2,1,2,2,24,calm
Audio_Speech_Actors_01-24/Actor_24/03-01-04-02-01-01-24.wav,3,1,4,2,1,1,24,sad
Audio_Speech_Actors_01-24/Actor_24/03-01-07-02-01-02-24.wav,3,1,7,2,1,2,24,disgust
Audio_Speech_Actors_01-24/Actor_24/03-01-07-01-02-02-24.wav,3,1,7,1,2,2,24,disgust
Audio_Speech_Actors_01-24/Actor_24/03-01-04-01-02-01-24.wav,3,1,4,1,2,1,24,sad
Audio_Speech_Actors_01-24/Actor_24/03-01-06-02-02-01-24.wav,3,1,6,2,2,1,24,fearful
Audio_Speech_Actors_01-24/Actor_24/03-01-05-02-02-02-24.wav,3,1,5,2,2,2,24,angry
Audio_Speech_Actors_01-24/Actor_24/03-01-05-01-01-02-24.wav,3,1,5,1,1,2,24,angry
Audio_Speech_Actors_01-24/Actor_24/03-01-06-01-01-01-24.wav,3,1,6,1,1,1,24,fearful
Audio_Speech_Actors_01-24/Actor_24/03-01-08-01-02-02-24.wav,3,1,8,1,2,2,24,surprised
Audio_Speech_Actors_01-24/Actor_24/03-01-08-02-01-02-24.wav,3,1,8,2,1,2,24,surprised
Audio_Speech_Actors_01-24/Actor_24/03-01-01-01-01-01-24.wav,3,1,1,1,1,1,24,neutral
Audio_Speech_Actors_01-24/Actor_24/03-01-02-01-01-02-24.wav,3,1,2,1,1,2,24,calm
Audio_Speech_Actors_01-24/Actor_24/03-01-02-02-02-02-24.wav,3,1,2,2,2,2,24,calm
Audio_Speech_Actors_01-24/Actor_24/03-01-03-01-02-01-24.wav,3,1,3,1,2,1,24,happy
Audio_Speech_Actors_01-24/Actor_24/03-01-03-02-01-01-24.wav,3,1,3,2,1,1,24,happy
Audio_Speech_Actors_01-24/Actor_24/03-01-02-01-02-01-24.wav,3,1,2,1,2,1,24,calm
Audio_Speech_Actors_01-24/Actor_24/03-01-01-01-02-02-24.wav,3,1,1,1,2,2,24,neutral
Audio_Speech_Actors_01-24/Actor_24/03-01-02-02-01-01-24.wav,3,1,2,2,1,1,24,calm
Audio_Speech_Actors_01-24/Actor_24/03-01-03-01-01-02-24.wav,3,1,3,1,1,2,24,happy
Audio_Speech_Actors_01-24/Actor_24/03-01-03-02-02-02-24.wav,3,1,3,2,2,2,24,happy
Audio_Speech_Actors_01-24/Actor_24/03-01-07-02-02-01-24.wav,3,1,7,2,2,1,24,disgust
Audio_Speech_Actors_01-24/Actor_24/03-01-04-02-02-02-24.wav,3,1,4,2,2,2,24,sad
Audio_Speech_Actors_01-24/Actor_24/03-01-04-01-01-02-24.wav,3,1,4,1,1,2,24,sad
Audio_Speech_Actors_01-24/Actor_24/03-01-07-01-01-01-24.wav,3,1,7,1,1,1,24,disgust
Audio_Speech_Actors_01-24/Actor_24/03-01-05-02-01-01-24.wav,3,1,5,2,1,1,24,angry
Audio_Speech_Actors_01-24/Actor_24/03-01-06-02-01-02-24.wav,3,1,6,2,1,2,24,fearful
Audio_Speech_Actors_01-24/Actor_24/03-01-06-01-02-02-24.wav,3,1,6,1,2,2,24,fearful
Audio_Speech_Actors_01-24/Actor_24/03-01-05-01-02-01-24.wav,3,1,5,1,2,1,24,angry
Audio_Speech_Actors_01-24/Actor_24/03-01-08-01-01-01-24.wav,3,1,8,1,1,1,24,surprised
Audio_Speech_Actors_01-24/Actor_24/03-01-08-02-02-01-24.wav,3,1,8,2,2,1,24,surprised
Audio_Speech_Actors_01-24/Actor_22/03-01-05-01-01-01-22.wav,3,1,5,1,1,1,22,angry
Audio_Speech_Actors_01-24/Actor_22/03-01-06-01-01-02-22.wav,3,1,6,1,1,2,22,fearful
Audio_Speech_Actors_01-24/Actor_22/03-01-06-02-02-02-22.wav,3,1,6,2,2,2,22,fearful
Audio_Speech_Actors_01-24/Actor_22/03-01-05-02-02-01-22.wav,3,1,5,2,2,1,22,angry
Audio_Speech_Actors_01-24/Actor_22/03-01-07-01-02-01-22.wav,3,1,7,1,2,1,22,disgust
Audio_Speech_Actors_01-24/Actor_22/03-01-04-01-02-02-22.wav,3,1,4,1,2,2,22,sad
Audio_Speech_Actors_01-24/Actor_22/03-01-04-02-01-02-22.wav,3,1,4,2,1,2,22,sad
Audio_Speech_Actors_01-24/Actor_22/03-01-07-02-01-01-22.wav,3,1,7,2,1,1,22,disgust
Audio_Speech_Actors_01-24/Actor_22/03-01-08-02-01-01-22.wav,3,1,8,2,1,1,22,surprised
Audio_Speech_Actors_01-24/Actor_22/03-01-08-01-02-01-22.wav,3,1,8,1,2,1,22,surprised
Audio_Speech_Actors_01-24/Actor_22/03-01-03-02-01-02-22.wav,3,1,3,2,1,2,22,happy
Audio_Speech_Actors_01-24/Actor_22/03-01-03-01-02-02-22.wav,3,1,3,1,2,2,22,happy
Audio_Speech_Actors_01-24/Actor_22/03-01-02-02-02-01-22.wav,3,1,2,2,2,1,22,calm
Audio_Speech_Actors_01-24/Actor_22/03-01-01-01-01-02-22.wav,3,1,1,1,1,2,22,neutral
Audio_Speech_Actors_01-24/Actor_22/03-01-02-01-01-01-22.wav,3,1,2,1,1,1,22,calm
Audio_Speech_Actors_01-24/Actor_22/03-01-03-02-02-01-22.wav,3,1,3,2,2,1,22,happy
Audio_Speech_Actors_01-24/Actor_22/03-01-03-01-01-01-22.wav,3,1,3,1,1,1,22,happy
Audio_Speech_Actors_01-24/Actor_22/03-01-02-02-01-02-22.wav,3,1,2,2,1,2,22,calm
Audio_Speech_Actors_01-24/Actor_22/03-01-02-01-02-02-22.wav,3,1,2,1,2,2,22,calm
Audio_Speech_Actors_01-24/Actor_22/03-01-01-01-02-01-22.wav,3,1,1,1,2,1,22,neutral
Audio_Speech_Actors_01-24/Actor_22/03-01-06-01-02-01-22.wav,3,1,6,1,2,1,22,fearful
Audio_Speech_Actors_01-24/Actor_22/03-01-05-01-02-02-22.wav,3,1,5,1,2,2,22,angry
Audio_Speech_Actors_01-24/Actor_22/03-01-05-02-01-02-22.wav,3,1,5,2,1,2,22,angry
Audio_Speech_Actors_01-24/Actor_22/03-01-06-02-01-01-22.wav,3,1,6,2,1,1,22,fearful
Audio_Speech_Actors_01-24/Actor_22/03-01-04-01-01-01-22.wav,3,1,4,1,1,1,22,sad
Audio_Speech_Actors_01-24/Actor_22/03-01-07-01-01-02-22.wav,3,1,7,1,1,2,22,disgust
Audio_Speech_Actors_01-24/Actor_22/03-01-07-02-02-02-22.wav,3,1,7,2,2,2,22,disgust
Audio_Speech_Actors_01-24/Actor_22/03-01-04-02-02-01-22.wav,3,1,4,2,2,1,22,sad
Audio_Speech_Actors_01-24/Actor_22/03-01-08-02-02-02-22.wav,3,1,8,2,2,2,22,surprised
Audio_Speech_Actors_01-24/Actor_22/03-01-08-01-01-02-22.wav,3,1,8,1,1,2,22,surprised
Audio_Speech_Actors_01-24/Actor_22/03-01-02-01-01-02-22.wav,3,1,2,1,1,2,22,calm
Audio_Speech_Actors_01-24/Actor_22/03-01-01-01-01-01-22.wav,3,1,1,1,1,1,22,neutral
Audio_Speech_Actors_01-24/Actor_22/03-01-02-02-02-02-22.wav,3,1,2,2,2,2,22,calm
Audio_Speech_Actors_01-24/Actor_22/03-01-03-01-02-01-22.wav,3,1,3,1,2,1,22,happy
Audio_Speech_Actors_01-24/Actor_22/03-01-03-02-01-01-22.wav,3,1,3,2,1,1,22,happy
Audio_Speech_Actors_01-24/Actor_22/03-01-07-02-01-02-22.wav,3,1,7,2,1,2,22,disgust
Audio_Speech_Actors_01-24/Actor_22/03-01-04-02-01-01-22.wav,3,1,4,2,1,1,22,sad
Audio_Speech_Actors_01-24/Actor_22/03-01-04-01-02-01-22.wav,3,1,4,1,2,1,22,sad
Audio_Speech_Actors_01-24/Actor_22/03-01-07-01-02-02-22.wav,3,1,7,1,2,2,22,disgust
Audio_Speech_Actors_01-24/Actor_22/03-01-05-02-02-02-22.wav,3,1,5,2,2,2,22,angry
Audio_Speech_Actors_01-24/Actor_22/03-01-06-02-02-01-22.wav,3,1,6,2,2,1,22,fearful
Audio_Speech_Actors_01-24/Actor_22/03-01-06-01-01-01-22.wav,3,1,6,1,1,1,22,fearful
Audio_Speech_Actors_01-24/Actor_22/03-01-05-01-01-02-22.wav,3,1,5,1,1,2,22,angry
Audio_Speech_Actors_01-24/Actor_22/03-01-08-01-02-02-22.wav,3,1,8,1,2,2,22,surprised
Audio_Speech_Actors_01-24/Actor_22/03-01-08-02-01-02-22.wav,3,1,8,2,1,2,22,surprised
Audio_Speech_Actors_01-24/Actor_22/03-01-04-02-02-02-22.wav,3,1,4,2,2,2,22,sad
Audio_Speech_Actors_01-24/Actor_22/03-01-07-02-02-01-22.wav,3,1,7,2,2,1,22,disgust
Audio_Speech_Actors_01-24/Actor_22/03-01-07-01-01-01-22.wav,3,1,7,1,1,1,22,disgust
Audio_Speech_Actors_01-24/Actor_22/03-01-04-01-01-02-22.wav,3,1,4,1,1,2,22,sad
Audio_Speech_Actors_01-24/Actor_22/03-01-06-02-01-02-22.wav,3,1,6,2,1,2,22,fearful
Audio_Speech_Actors_01-24/Actor_22/03-01-05-02-01-01-22.wav,3,1,5,2,1,1,22,angry
Audio_Speech_Actors_01-24/Actor_22/03-01-05-01-02-01-22.wav,3,1,5,1,2,1,22,angry
Audio_Speech_Actors_01-24/Actor_22/03-01-06-01-02-02-22.wav,3,1,6,1,2,2,22,fearful
Audio_Speech_Actors_01-24/Actor_22/03-01-08-01-01-01-22.wav,3,1,8,1,1,1,22,surprised
Audio_Speech_Actors_01-24/Actor_22/03-01-08-02-02-01-22.wav,3,1,8,2,2,1,22,surprised
Audio_Speech_Actors_01-24/Actor_22/03-01-01-01-02-02-22.wav,3,1,1,1,2,2,22,neutral
Audio_Speech_Actors_01-24/Actor_22/03-01-02-01-02-01-22.wav,3,1,2,1,2,1,22,calm
Audio_Speech_Actors_01-24/Actor_22/03-01-02-02-01-01-22.wav,3,1,2,2,1,1,22,calm
Audio_Speech_Actors_01-24/Actor_22/03-01-03-01-01-02-22.wav,3,1,3,1,1,2,22,happy
Audio_Speech_Actors_01-24/Actor_22/03-01-03-02-02-02-22.wav,3,1,3,2,2,2,22,happy
Audio_Speech_Actors_01-24/Actor_14/03-01-08-01-01-01-14.wav,3,1,8,1,1,1,14,surprised
Audio_Speech_Actors_01-24/Actor_14/03-01-08-02-02-01-14.wav,3,1,8,2,2,1,14,surprised
Audio_Speech_Actors_01-24/Actor_14/03-01-04-02-02-02-14.wav,3,1,4,2,2,2,14,sad
Audio_Speech_Actors_01-24/Actor_14/03-01-07-02-02-01-14.wav,3,1,7,2,2,1,14,disgust
Audio_Speech_Actors_01-24/Actor_14/03-01-07-01-01-01-14.wav,3,1,7,1,1,1,14,disgust
Audio_Speech_Actors_01-24/Actor_14/03-01-04-01-01-02-14.wav,3,1,4,1,1,2,14,sad
Audio_Speech_Actors_01-24/Actor_14/03-01-06-02-01-02-14.wav,3,1,6,2,1,2,14,fearful
Audio_Speech_Actors_01-24/Actor_14/03-01-05-02-01-01-14.wav,3,1,5,2,1,1,14,angry
Audio_Speech_Actors_01-24/Actor_14/03-01-05-01-02-01-14.wav,3,1,5,1,2,1,14,angry
Audio_Speech_Actors_01-24/Actor_14/03-01-06-01-02-02-14.wav,3,1,6,1,2,2,14,fearful
Audio_Speech_Actors_01-24/Actor_14/03-01-01-01-02-02-14.wav,3,1,1,1,2,2,14,neutral
Audio_Speech_Actors_01-24/Actor_14/03-01-02-01-02-01-14.wav,3,1,2,1,2,1,14,calm
Audio_Speech_Actors_01-24/Actor_14/03-01-02-02-01-01-14.wav,3,1,2,2,1,1,14,calm
Audio_Speech_Actors_01-24/Actor_14/03-01-03-01-01-02-14.wav,3,1,3,1,1,2,14,happy
Audio_Speech_Actors_01-24/Actor_14/03-01-03-02-02-02-14.wav,3,1,3,2,2,2,14,happy
Audio_Speech_Actors_01-24/Actor_14/03-01-02-01-01-02-14.wav,3,1,2,1,1,2,14,calm
Audio_Speech_Actors_01-24/Actor_14/03-01-01-01-01-01-14.wav,3,1,1,1,1,1,14,neutral
Audio_Speech_Actors_01-24/Actor_14/03-01-02-02-02-02-14.wav,3,1,2,2,2,2,14,calm
Audio_Speech_Actors_01-24/Actor_14/03-01-03-01-02-01-14.wav,3,1,3,1,2,1,14,happy
Audio_Speech_Actors_01-24/Actor_14/03-01-03-02-01-01-14.wav,3,1,3,2,1,1,14,happy
Audio_Speech_Actors_01-24/Actor_14/03-01-08-01-02-02-14.wav,3,1,8,1,2,2,14,surprised
Audio_Speech_Actors_01-24/Actor_14/03-01-08-02-01-02-14.wav,3,1,8,2,1,2,14,surprised
Audio_Speech_Actors_01-24/Actor_14/03-01-07-02-01-02-14.wav,3,1,7,2,1,2,14,disgust
Audio_Speech_Actors_01-24/Actor_14/03-01-04-02-01-01-14.wav,3,1,4,2,1,1,14,sad
Audio_Speech_Actors_01-24/Actor_14/03-01-04-01-02-01-14.wav,3,1,4,1,2,1,14,sad
Audio_Speech_Actors_01-24/Actor_14/03-01-07-01-02-02-14.wav,3,1,7,1,2,2,14,disgust
Audio_Speech_Actors_01-24/Actor_14/03-01-05-02-02-02-14.wav,3,1,5,2,2,2,14,angry
Audio_Speech_Actors_01-24/Actor_14/03-01-06-02-02-01-14.wav,3,1,6,2,2,1,14,fearful
Audio_Speech_Actors_01-24/Actor_14/03-01-06-01-01-01-14.wav,3,1,6,1,1,1,14,fearful
Audio_Speech_Actors_01-24/Actor_14/03-01-05-01-01-02-14.wav,3,1,5,1,1,2,14,angry
Audio_Speech_Actors_01-24/Actor_14/03-01-03-02-02-01-14.wav,3,1,3,2,2,1,14,happy
Audio_Speech_Actors_01-24/Actor_14/03-01-03-01-01-01-14.wav,3,1,3,1,1,1,14,happy
Audio_Speech_Actors_01-24/Actor_14/03-01-02-02-01-02-14.wav,3,1,2,2,1,2,14,calm
Audio_Speech_Actors_01-24/Actor_14/03-01-02-01-02-02-14.wav,3,1,2,1,2,2,14,calm
Audio_Speech_Actors_01-24/Actor_14/03-01-01-01-02-01-14.wav,3,1,1,1,2,1,14,neutral
Audio_Speech_Actors_01-24/Actor_14/03-01-08-02-02-02-14.wav,3,1,8,2,2,2,14,surprised
Audio_Speech_Actors_01-24/Actor_14/03-01-08-01-01-02-14.wav,3,1,8,1,1,2,14,surprised
Audio_Speech_Actors_01-24/Actor_14/03-01-06-01-02-01-14.wav,3,1,6,1,2,1,14,fearful
Audio_Speech_Actors_01-24/Actor_14/03-01-05-01-02-02-14.wav,3,1,5,1,2,2,14,angry
Audio_Speech_Actors_01-24/Actor_14/03-01-05-02-01-02-14.wav,3,1,5,2,1,2,14,angry
Audio_Speech_Actors_01-24/Actor_14/03-01-06-02-01-01-14.wav,3,1,6,2,1,1,14,fearful
Audio_Speech_Actors_01-24/Actor_14/03-01-04-01-01-01-14.wav,3,1,4,1,1,1,14,sad
Audio_Speech_Actors_01-24/Actor_14/03-01-07-01-01-02-14.wav,3,1,7,1,1,2,14,disgust
Audio_Speech_Actors_01-24/Actor_14/03-01-07-02-02-02-14.wav,3,1,7,2,2,2,14,disgust
Audio_Speech_Actors_01-24/Actor_14/03-01-04-02-02-01-14.wav,3,1,4,2,2,1,14,sad
Audio_Speech_Actors_01-24/Actor_14/03-01-08-02-01-01-14.wav,3,1,8,2,1,1,14,surprised
Audio_Speech_Actors_01-24/Actor_14/03-01-08-01-02-01-14.wav,3,1,8,1,2,1,14,surprised
Audio_Speech_Actors_01-24/Actor_14/03-01-05-01-01-01-14.wav,3,1,5,1,1,1,14,angry
Audio_Speech_Actors_01-24/Actor_14/03-01-06-01-01-02-14.wav,3,1,6,1,1,2,14,fearful
Audio_Speech_Actors_01-24/Actor_14/03-01-06-02-02-02-14.wav,3,1,6,2,2,2,14,fearful
Audio_Speech_Actors_01-24/Actor_14/03-01-05-02-02-01-14.wav,3,1,5,2,2,1,14,angry
Audio_Speech_Actors_01-24/Actor_14/03-01-07-01-02-01-14.wav,3,1,7,1,2,1,14,disgust
Audio_Speech_Actors_01-24/Actor_14/03-01-04-01-02-02-14.wav,3,1,4,1,2,2,14,sad
Audio_Speech_Actors_01-24/Actor_14/03-01-04-02-01-02-14.wav,3,1,4,2,1,2,14,sad
Audio_Speech_Actors_01-24/Actor_14/03-01-07-02-01-01-14.wav,3,1,7,2,1,1,14,disgust
Audio_Speech_Actors_01-24/Actor_14/03-01-03-02-01-02-14.wav,3,1,3,2,1,2,14,happy
Audio_Speech_Actors_01-24/Actor_14/03-01-03-01-02-02-14.wav,3,1,3,1,2,2,14,happy
Audio_Speech_Actors_01-24/Actor_14/03-01-02-02-02-01-14.wav,3,1,2,2,2,1,14,calm
Audio_Speech_Actors_01-24/Actor_14/03-01-01-01-01-02-14.wav,3,1,1,1,1,2,14,neutral
Audio_Speech_Actors_01-24/Actor_14/03-01-02-01-01-01-14.wav,3,1,2,1,1,1,14,calm
Audio_Speech_Actors_01-24/Actor_13/03-01-03-02-02-02-13.wav,3,1,3,2,2,2,13,happy
Audio_Speech_Actors_01-24/Actor_13/03-01-03-01-01-02-13.wav,3,1,3,1,1,2,13,happy
Audio_Speech_Actors_01-24/Actor_13/03-01-02-02-01-01-13.wav,3,1,2,2,1,1,13,calm
Audio_Speech_Actors_01-24/Actor_13/03-01-01-01-02-02-13.wav,3,1,1,1,2,2,13,neutral
Audio_Speech_Actors_01-24/Actor_13/03-01-02-01-02-01-13.wav,3,1,2,1,2,1,13,calm
Audio_Speech_Actors_01-24/Actor_13/03-01-08-02-02-01-13.wav,3,1,8,2,2,1,13,surprised
Audio_Speech_Actors_01-24/Actor_13/03-01-08-01-01-01-13.wav,3,1,8,1,1,1,13,surprised
Audio_Speech_Actors_01-24/Actor_13/03-01-05-01-02-01-13.wav,3,1,5,1,2,1,13,angry
Audio_Speech_Actors_01-24/Actor_13/03-01-06-01-02-02-13.wav,3,1,6,1,2,2,13,fearful
Audio_Speech_Actors_01-24/Actor_13/03-01-06-02-01-02-13.wav,3,1,6,2,1,2,13,fearful
Audio_Speech_Actors_01-24/Actor_13/03-01-05-02-01-01-13.wav,3,1,5,2,1,1,13,angry
Audio_Speech_Actors_01-24/Actor_13/03-01-07-01-01-01-13.wav,3,1,7,1,1,1,13,disgust
Audio_Speech_Actors_01-24/Actor_13/03-01-04-01-01-02-13.wav,3,1,4,1,1,2,13,sad
Audio_Speech_Actors_01-24/Actor_13/03-01-04-02-02-02-13.wav,3,1,4,2,2,2,13,sad
Audio_Speech_Actors_01-24/Actor_13/03-01-07-02-02-01-13.wav,3,1,7,2,2,1,13,disgust
Audio_Speech_Actors_01-24/Actor_13/03-01-08-02-01-02-13.wav,3,1,8,2,1,2,13,surprised
Audio_Speech_Actors_01-24/Actor_13/03-01-08-01-02-02-13.wav,3,1,8,1,2,2,13,surprised
Audio_Speech_Actors_01-24/Actor_13/03-01-06-01-01-01-13.wav,3,1,6,1,1,1,13,fearful
Audio_Speech_Actors_01-24/Actor_13/03-01-05-01-01-02-13.wav,3,1,5,1,1,2,13,angry
Audio_Speech_Actors_01-24/Actor_13/03-01-05-02-02-02-13.wav,3,1,5,2,2,2,13,angry
Audio_Speech_Actors_01-24/Actor_13/03-01-06-02-02-01-13.wav,3,1,6,2,2,1,13,fearful
Audio_Speech_Actors_01-24/Actor_13/03-01-04-01-02-01-13.wav,3,1,4,1,2,1,13,sad
Audio_Speech_Actors_01-24/Actor_13/03-01-07-01-02-02-13.wav,3,1,7,1,2,2,13,disgust
Audio_Speech_Actors_01-24/Actor_13/03-01-07-02-01-02-13.wav,3,1,7,2,1,2,13,disgust
Audio_Speech_Actors_01-24/Actor_13/03-01-04-02-01-01-13.wav,3,1,4,2,1,1,13,sad
Audio_Speech_Actors_01-24/Actor_13/03-01-03-02-01-01-13.wav,3,1,3,2,1,1,13,happy
Audio_Speech_Actors_01-24/Actor_13/03-01-03-01-02-01-13.wav,3,1,3,1,2,1,13,happy
Audio_Speech_Actors_01-24/Actor_13/03-01-02-02-02-02-13.wav,3,1,2,2,2,2,13,calm
Audio_Speech_Actors_01-24/Actor_13/03-01-02-01-01-02-13.wav,3,1,2,1,1,2,13,calm
Audio_Speech_Actors_01-24/Actor_13/03-01-01-01-01-01-13.wav,3,1,1,1,1,1,13,neutral
Audio_Speech_Actors_01-24/Actor_13/03-01-08-01-01-02-13.wav,3,1,8,1,1,2,13,surprised
Audio_Speech_Actors_01-24/Actor_13/03-01-08-02-02-02-13.wav,3,1,8,2,2,2,13,surprised
Audio_Speech_Actors_01-24/Actor_13/03-01-07-02-02-02-13.wav,3,1,7,2,2,2,13,disgust
Audio_Speech_Actors_01-24/Actor_13/03-01-04-02-02-01-13.wav,3,1,4,2,2,1,13,sad
Audio_Speech_Actors_01-24/Actor_13/03-01-04-01-01-01-13.wav,3,1,4,1,1,1,13,sad
Audio_Speech_Actors_01-24/Actor_13/03-01-07-01-01-02-13.wav,3,1,7,1,1,2,13,disgust
Audio_Speech_Actors_01-24/Actor_13/03-01-05-02-01-02-13.wav,3,1,5,2,1,2,13,angry
Audio_Speech_Actors_01-24/Actor_13/03-01-06-02-01-01-13.wav,3,1,6,2,1,1,13,fearful
Audio_Speech_Actors_01-24/Actor_13/03-01-06-01-02-01-13.wav,3,1,6,1,2,1,13,fearful
Audio_Speech_Actors_01-24/Actor_13/03-01-05-01-02-02-13.wav,3,1,5,1,2,2,13,angry
Audio_Speech_Actors_01-24/Actor_13/03-01-02-01-02-02-13.wav,3,1,2,1,2,2,13,calm
Audio_Speech_Actors_01-24/Actor_13/03-01-01-01-02-01-13.wav,3,1,1,1,2,1,13,neutral
Audio_Speech_Actors_01-24/Actor_13/03-01-02-02-01-02-13.wav,3,1,2,2,1,2,13,calm
Audio_Speech_Actors_01-24/Actor_13/03-01-03-01-01-01-13.wav,3,1,3,1,1,1,13,happy
Audio_Speech_Actors_01-24/Actor_13/03-01-03-02-02-01-13.wav,3,1,3,2,2,1,13,happy
Audio_Speech_Actors_01-24/Actor_13/03-01-01-01-01-02-13.wav,3,1,1,1,1,2,13,neutral
Audio_Speech_Actors_01-24/Actor_13/03-01-02-01-01-01-13.wav,3,1,2,1,1,1,13,calm
Audio_Speech_Actors_01-24/Actor_13/03-01-02-02-02-01-13.wav,3,1,2,2,2,1,13,calm
Audio_Speech_Actors_01-24/Actor_13/03-01-03-01-02-02-13.wav,3,1,3,1,2,2,13,happy
Audio_Speech_Actors_01-24/Actor_13/03-01-03-02-01-02-13.wav,3,1,3,2,1,2,13,happy
Audio_Speech_Actors_01-24/Actor_13/03-01-08-01-02-01-13.wav,3,1,8,1,2,1,13,surprised
Audio_Speech_Actors_01-24/Actor_13/03-01-08-02-01-01-13.wav,3,1,8,2,1,1,13,surprised
Audio_Speech_Actors_01-24/Actor_13/03-01-04-02-01-02-13.wav,3,1,4,2,1,2,13,sad
Audio_Speech_Actors_01-24/Actor_13/03-01-07-02-01-01-13.wav,3,1,7,2,1,1,13,disgust
Audio_Speech_Actors_01-24/Actor_13/03-01-07-01-02-01-13.wav,3,1,7,1,2,1,13,disgust
Audio_Speech_Actors_01-24/Actor_13/03-01-04-01-02-02-13.wav,3,1,4,1,2,2,13,sad
Audio_Speech_Actors_01-24/Actor_13/03-01-06-02-02-02-13.wav,3,1,6,2,2,2,13,fearful
Audio_Speech_Actors_01-24/Actor_13/03-01-05-02-02-01-13.wav,3,1,5,2,2,1,13,angry
Audio_Speech_Actors_01-24/Actor_13/03-01-05-01-01-01-13.wav,3,1,5,1,1,1,13,angry
Audio_Speech_Actors_01-24/Actor_13/03-01-06-01-01-02-13.wav,3,1,6,1,1,2,13,fearful
Audio_Speech_Actors_01-24/Actor_09/03-01-08-02-01-01-09.wav,3,1,8,2,1,1,9,surprised
Audio_Speech_Actors_01-24/Actor_09/03-01-08-01-02-01-09.wav,3,1,8,1,2,1,9,surprised
Audio_Speech_Actors_01-24/Actor_09/03-01-05-01-01-01-09.wav,3,1,5,1,1,1,9,angry
Audio_Speech_Actors_01-24/Actor_09/03-01-06-01-01-02-09.wav,3,1,6,1,1,2,9,fearful
Audio_Speech_Actors_01-24/Actor_09/03-01-06-02-02-02-09.wav,3,1,6,2,2,2,9,fearful
Audio_Speech_Actors_01-24/Actor_09/03-01-05-02-02-01-09.wav,3,1,5,2,2,1,9,angry
Audio_Speech_Actors_01-24/Actor_09/03-01-07-01-02-01-09.wav,3,1,7,1,2,1,9,disgust
Audio_Speech_Actors_01-24/Actor_09/03-01-04-01-02-02-09.wav,3,1,4,1,2,2,9,sad
Audio_Speech_Actors_01-24/Actor_09/03-01-04-02-01-02-09.wav,3,1,4,2,1,2,9,sad
Audio_Speech_Actors_01-24/Actor_09/03-01-07-02-01-01-09.wav,3,1,7,2,1,1,9,disgust
Audio_Speech_Actors_01-24/Actor_09/03-01-03-02-01-02-09.wav,3,1,3,2,1,2,9,happy
Audio_Speech_Actors_01-24/Actor_09/03-01-03-01-02-02-09.wav,3,1,3,1,2,2,9,happy
Audio_Speech_Actors_01-24/Actor_09/03-01-02-02-02-01-09.wav,3,1,2,2,2,1,9,calm
Audio_Speech_Actors_01-24/Actor_09/03-01-01-01-01-02-09.wav,3,1,1,1,1,2,9,neutral
Audio_Speech_Actors_01-24/Actor_09/03-01-02-01-01-01-09.wav,3,1,2,1,1,1,9,calm
Audio_Speech_Actors_01-24/Actor_09/03-01-03-02-02-01-09.wav,3,1,3,2,2,1,9,happy
Audio_Speech_Actors_01-24/Actor_09/03-01-03-01-01-01-09.wav,3,1,3,1,1,1,9,happy
Audio_Speech_Actors_01-24/Actor_09/03-01-02-02-01-02-09.wav,3,1,2,2,1,2,9,calm
Audio_Speech_Actors_01-24/Actor_09/03-01-02-01-02-02-09.wav,3,1,2,1,2,2,9,calm
Audio_Speech_Actors_01-24/Actor_09/03-01-01-01-02-01-09.wav,3,1,1,1,2,1,9,neutral
Audio_Speech_Actors_01-24/Actor_09/03-01-08-02-02-02-09.wav,3,1,8,2,2,2,9,surprised
Audio_Speech_Actors_01-24/Actor_09/03-01-08-01-01-02-09.wav,3,1,8,1,1,2,9,surprised
Audio_Speech_Actors_01-24/Actor_09/03-01-06-01-02-01-09.wav,3,1,6,1,2,1,9,fearful
Audio_Speech_Actors_01-24/Actor_09/03-01-05-01-02-02-09.wav,3,1,5,1,2,2,9,angry
Audio_Speech_Actors_01-24/Actor_09/03-01-05-02-01-02-09.wav,3,1,5,2,1,2,9,angry
Audio_Speech_Actors_01-24/Actor_09/03-01-06-02-01-01-09.wav,3,1,6,2,1,1,9,fearful
Audio_Speech_Actors_01-24/Actor_09/03-01-04-01-01-01-09.wav,3,1,4,1,1,1,9,sad
Audio_Speech_Actors_01-24/Actor_09/03-01-07-01-01-02-09.wav,3,1,7,1,1,2,9,disgust
Audio_Speech_Actors_01-24/Actor_09/03-01-07-02-02-02-09.wav,3,1,7,2,2,2,9,disgust
Audio_Speech_Actors_01-24/Actor_09/03-01-04-02-02-01-09.wav,3,1,4,2,2,1,9,sad
Audio_Speech_Actors_01-24/Actor_09/03-01-02-01-01-02-09.wav,3,1,2,1,1,2,9,calm
Audio_Speech_Actors_01-24/Actor_09/03-01-01-01-01-01-09.wav,3,1,1,1,1,1,9,neutral
Audio_Speech_Actors_01-24/Actor_09/03-01-02-02-02-02-09.wav,3,1,2,2,2,2,9,calm
Audio_Speech_Actors_01-24/Actor_09/03-01-03-01-02-01-09.wav,3,1,3,1,2,1,9,happy
Audio_Speech_Actors_01-24/Actor_09/03-01-03-02-01-01-09.wav,3,1,3,2,1,1,9,happy
Audio_Speech_Actors_01-24/Actor_09/03-01-08-01-02-02-09.wav,3,1,8,1,2,2,9,surprised
Audio_Speech_Actors_01-24/Actor_09/03-01-08-02-01-02-09.wav,3,1,8,2,1,2,9,surprised
Audio_Speech_Actors_01-24/Actor_09/03-01-07-02-01-02-09.wav,3,1,7,2,1,2,9,disgust
Audio_Speech_Actors_01-24/Actor_09/03-01-04-02-01-01-09.wav,3,1,4,2,1,1,9,sad
Audio_Speech_Actors_01-24/Actor_09/03-01-04-01-02-01-09.wav,3,1,4,1,2,1,9,sad
Audio_Speech_Actors_01-24/Actor_09/03-01-07-01-02-02-09.wav,3,1,7,1,2,2,9,disgust
Audio_Speech_Actors_01-24/Actor_09/03-01-05-02-02-02-09.wav,3,1,5,2,2,2,9,angry
Audio_Speech_Actors_01-24/Actor_09/03-01-06-02-02-01-09.wav,3,1,6,2,2,1,9,fearful
Audio_Speech_Actors_01-24/Actor_09/03-01-06-01-01-01-09.wav,3,1,6,1,1,1,9,fearful
Audio_Speech_Actors_01-24/Actor_09/03-01-05-01-01-02-09.wav,3,1,5,1,1,2,9,angry
Audio_Speech_Actors_01-24/Actor_09/03-01-08-01-01-01-09.wav,3,1,8,1,1,1,9,surprised
Audio_Speech_Actors_01-24/Actor_09/03-01-08-02-02-01-09.wav,3,1,8,2,2,1,9,surprised
Audio_Speech_Actors_01-24/Actor_09/03-01-04-02-02-02-09.wav,3,1,4,2,2,2,9,sad
Audio_Speech_Actors_01-24/Actor_09/03-01-07-02-02-01-09.wav,3,1,7,2,2,1,9,disgust
Audio_Speech_Actors_01-24/Actor_09/03-01-07-01-01-01-09.wav,3,1,7,1,1,1,9,disgust
Audio_Speech_Actors_01-24/Actor_09/03-01-04-01-01-02-09.wav,3,1,4,1,1,2,9,sad
Audio_Speech_Actors_01-24/Actor_09/03-01-06-02-01-02-09.wav,3,1,6,2,1,2,9,fearful
Audio_Speech_Actors_01-24/Actor_09/03-01-05-02-01-01-09.wav,3,1,5,2,1,1,9,angry
Audio_Speech_Actors_01-24/Actor_09/03-01-05-01-02-01-09.wav,3,1,5,1,2,1,9,angry
Audio_Speech_Actors_01-24/Actor_09/03-01-06-01-02-02-09.wav,3,1,6,1,2,2,9,fearful
Audio_Speech_Actors_01-24/Actor_09/03-01-01-01-02-02-09.wav,3,1,1,1,2,2,9,neutral
Audio_Speech_Actors_01-24/Actor_09/03-01-02-01-02-01-09.wav,3,1,2,1,2,1,9,calm
Audio_Speech_Actors_01-24/Actor_09/03-01-02-02-01-01-09.wav,3,1,2,2,1,1,9,calm
Audio_Speech_Actors_01-24/Actor_09/03-01-03-01-01-02-09.wav,3,1,3,1,1,2,9,happy
Audio_Speech_Actors_01-24/Actor_09/03-01-03-02-02-02-09.wav,3,1,3,2,2,2,9,happy
Audio_Speech_Actors_01-24/Actor_07/03-01-03-02-02-02-07.wav,3,1,3,2,2,2,7,happy
Audio_Speech_Actors_01-24/Actor_07/03-01-03-01-01-02-07.wav,3,1,3,1,1,2,7,happy
Audio_Speech_Actors_01-24/Actor_07/03-01-02-02-01-01-07.wav,3,1,2,2,1,1,7,calm
Audio_Speech_Actors_01-24/Actor_07/03-01-02-01-02-01-07.wav,3,1,2,1,2,1,7,calm
Audio_Speech_Actors_01-24/Actor_07/03-01-01-01-02-02-07.wav,3,1,1,1,2,2,7,neutral
Audio_Speech_Actors_01-24/Actor_07/03-01-08-02-02-01-07.wav,3,1,8,2,2,1,7,surprised
Audio_Speech_Actors_01-24/Actor_07/03-01-08-01-01-01-07.wav,3,1,8,1,1,1,7,surprised
Audio_Speech_Actors_01-24/Actor_07/03-01-06-01-02-02-07.wav,3,1,6,1,2,2,7,fearful
Audio_Speech_Actors_01-24/Actor_07/03-01-05-01-02-01-07.wav,3,1,5,1,2,1,7,angry
Audio_Speech_Actors_01-24/Actor_07/03-01-05-02-01-01-07.wav,3,1,5,2,1,1,7,angry
Audio_Speech_Actors_01-24/Actor_07/03-01-06-02-01-02-07.wav,3,1,6,2,1,2,7,fearful
Audio_Speech_Actors_01-24/Actor_07/03-01-04-01-01-02-07.wav,3,1,4,1,1,2,7,sad
Audio_Speech_Actors_01-24/Actor_07/03-01-07-01-01-01-07.wav,3,1,7,1,1,1,7,disgust
Audio_Speech_Actors_01-24/Actor_07/03-01-07-02-02-01-07.wav,3,1,7,2,2,1,7,disgust
Audio_Speech_Actors_01-24/Actor_07/03-01-04-02-02-02-07.wav,3,1,4,2,2,2,7,sad
Audio_Speech_Actors_01-24/Actor_07/03-01-08-02-01-02-07.wav,3,1,8,2,1,2,7,surprised
Audio_Speech_Actors_01-24/Actor_07/03-01-08-01-02-02-07.wav,3,1,8,1,2,2,7,surprised
Audio_Speech_Actors_01-24/Actor_07/03-01-05-01-01-02-07.wav,3,1,5,1,1,2,7,angry
Audio_Speech_Actors_01-24/Actor_07/03-01-06-01-01-01-07.wav,3,1,6,1,1,1,7,fearful
Audio_Speech_Actors_01-24/Actor_07/03-01-06-02-02-01-07.wav,3,1,6,2,2,1,7,fearful
Audio_Speech_Actors_01-24/Actor_07/03-01-05-02-02-02-07.wav,3,1,5,2,2,2,7,angry
Audio_Speech_Actors_01-24/Actor_07/03-01-07-01-02-02-07.wav,3,1,7,1,2,2,7,disgust
Audio_Speech_Actors_01-24/Actor_07/03-01-04-01-02-01-07.wav,3,1,4,1,2,1,7,sad
Audio_Speech_Actors_01-24/Actor_07/03-01-04-02-01-01-07.wav,3,1,4,2,1,1,7,sad
Audio_Speech_Actors_01-24/Actor_07/03-01-07-02-01-02-07.wav,3,1,7,2,1,2,7,disgust
Audio_Speech_Actors_01-24/Actor_07/03-01-03-02-01-01-07.wav,3,1,3,2,1,1,7,happy
Audio_Speech_Actors_01-24/Actor_07/03-01-03-01-02-01-07.wav,3,1,3,1,2,1,7,happy
Audio_Speech_Actors_01-24/Actor_07/03-01-02-02-02-02-07.wav,3,1,2,2,2,2,7,calm
Audio_Speech_Actors_01-24/Actor_07/03-01-01-01-01-01-07.wav,3,1,1,1,1,1,7,neutral
Audio_Speech_Actors_01-24/Actor_07/03-01-02-01-01-02-07.wav,3,1,2,1,1,2,7,calm
Audio_Speech_Actors_01-24/Actor_07/03-01-08-01-01-02-07.wav,3,1,8,1,1,2,7,surprised
Audio_Speech_Actors_01-24/Actor_07/03-01-08-02-02-02-07.wav,3,1,8,2,2,2,7,surprised
Audio_Speech_Actors_01-24/Actor_07/03-01-04-02-02-01-07.wav,3,1,4,2,2,1,7,sad
Audio_Speech_Actors_01-24/Actor_07/03-01-07-02-02-02-07.wav,3,1,7,2,2,2,7,disgust
Audio_Speech_Actors_01-24/Actor_07/03-01-07-01-01-02-07.wav,3,1,7,1,1,2,7,disgust
Audio_Speech_Actors_01-24/Actor_07/03-01-04-01-01-01-07.wav,3,1,4,1,1,1,7,sad
Audio_Speech_Actors_01-24/Actor_07/03-01-06-02-01-01-07.wav,3,1,6,2,1,1,7,fearful
Audio_Speech_Actors_01-24/Actor_07/03-01-05-02-01-02-07.wav,3,1,5,2,1,2,7,angry
Audio_Speech_Actors_01-24/Actor_07/03-01-05-01-02-02-07.wav,3,1,5,1,2,2,7,angry
Audio_Speech_Actors_01-24/Actor_07/03-01-06-01-02-01-07.wav,3,1,6,1,2,1,7,fearful
Audio_Speech_Actors_01-24/Actor_07/03-01-01-01-02-01-07.wav,3,1,1,1,2,1,7,neutral
Audio_Speech_Actors_01-24/Actor_07/03-01-02-01-02-02-07.wav,3,1,2,1,2,2,7,calm
Audio_Speech_Actors_01-24/Actor_07/03-01-02-02-01-02-07.wav,3,1,2,2,1,2,7,calm
Audio_Speech_Actors_01-24/Actor_07/03-01-03-01-01-01-07.wav,3,1,3,1,1,1,7,happy
Audio_Speech_Actors_01-24/Actor_07/03-01-03-02-02-01-07.wav,3,1,3,2,2,1,7,happy
Audio_Speech_Actors_01-24/Actor_07/03-01-02-01-01-01-07.wav,3,1,2,1,1,1,7,calm
Audio_Speech_Actors_01-24/Actor_07/03-01-01-01-01-02-07.wav,3,1,1,1,1,2,7,neutral
Audio_Speech_Actors_01-24/Actor_07/03-01-02-02-02-01-07.wav,3,1,2,2,2,1,7,calm
Audio_Speech_Actors_01-24/Actor_07/03-01-03-01-02-02-07.wav,3,1,3,1,2,2,7,happy
Audio_Speech_Actors_01-24/Actor_07/03-01-03-02-01-02-07.wav,3,1,3,2,1,2,7,happy
Audio_Speech_Actors_01-24/Actor_07/03-01-08-01-02-01-07.wav,3,1,8,1,2,1,7,surprised
Audio_Speech_Actors_01-24/Actor_07/03-01-08-02-01-01-07.wav,3,1,8,2,1,1,7,surprised
Audio_Speech_Actors_01-24/Actor_07/03-01-07-02-01-01-07.wav,3,1,7,2,1,1,7,disgust
Audio_Speech_Actors_01-24/Actor_07/03-01-04-02-01-02-07.wav,3,1,4,2,1,2,7,sad
Audio_Speech_Actors_01-24/Actor_07/03-01-04-01-02-02-07.wav,3,1,4,1,2,2,7,sad
Audio_Speech_Actors_01-24/Actor_07/03-01-07-01-02-01-07.wav,3,1,7,1,2,1,7,disgust
Audio_Speech_Actors_01-24/Actor_07/03-01-05-02-02-01-07.wav,3,1,5,2,2,1,7,angry
Audio_Speech_Actors_01-24/Actor_07/03-01-06-02-02-02-07.wav,3,1,6,2,2,2,7,fearful
Audio_Speech_Actors_01-24/Actor_07/03-01-06-01-01-02-07.wav,3,1,6,1,1,2,7,fearful
Audio_Speech_Actors_01-24/Actor_07/03-01-05-01-01-01-07.wav,3,1,5,1,1,1,7,angry
Audio_Speech_Actors_01-24/Actor_06/03-01-01-01-02-02-06.wav,3,1,1,1,2,2,6,neutral
Audio_Speech_Actors_01-24/Actor_06/03-01-02-01-02-01-06.wav,3,1,2,1,2,1,6,calm
Audio_Speech_Actors_01-24/Actor_06/03-01-02-02-01-01-06.wav,3,1,2,2,1,1,6,calm
Audio_Speech_Actors_01-24/Actor_06/03-01-03-01-01-02-06.wav,3,1,3,1,1,2,6,happy
Audio_Speech_Actors_01-24/Actor_06/03-01-03-02-02-02-06.wav,3,1,3,2,2,2,6,happy
Audio_Speech_Actors_01-24/Actor_06/03-01-08-01-01-01-06.wav,3,1,8,1,1,1,6,surprised
Audio_Speech_Actors_01-24/Actor_06/03-01-08-02-02-01-06.wav,3,1,8,2,2,1,6,surprised
Audio_Speech_Actors_01-24/Actor_06/03-01-04-02-02-02-06.wav,3,1,4,2,2,2,6,sad
Audio_Speech_Actors_01-24/Actor_06/03-01-07-02-02-01-06.wav,3,1,7,2,2,1,6,disgust
Audio_Speech_Actors_01-24/Actor_06/03-01-07-01-01-01-06.wav,3,1,7,1,1,1,6,disgust
Audio_Speech_Actors_01-24/Actor_06/03-01-04-01-01-02-06.wav,3,1,4,1,1,2,6,sad
Audio_Speech_Actors_01-24/Actor_06/03-01-06-02-01-02-06.wav,3,1,6,2,1,2,6,fearful
Audio_Speech_Actors_01-24/Actor_06/03-01-05-02-01-01-06.wav,3,1,5,2,1,1,6,angry
Audio_Speech_Actors_01-24/Actor_06/03-01-05-01-02-01-06.wav,3,1,5,1,2,1,6,angry
Audio_Speech_Actors_01-24/Actor_06/03-01-06-01-02-02-06.wav,3,1,6,1,2,2,6,fearful
Audio_Speech_Actors_01-24/Actor_06/03-01-08-01-02-02-06.wav,3,1,8,1,2,2,6,surprised
Audio_Speech_Actors_01-24/Actor_06/03-01-08-02-01-02-06.wav,3,1,8,2,1,2,6,surprised
Audio_Speech_Actors_01-24/Actor_06/03-01-07-02-01-02-06.wav,3,1,7,2,1,2,6,disgust
Audio_Speech_Actors_01-24/Actor_06/03-01-04-02-01-01-06.wav,3,1,4,2,1,1,6,sad
Audio_Speech_Actors_01-24/Actor_06/03-01-04-01-02-01-06.wav,3,1,4,1,2,1,6,sad
Audio_Speech_Actors_01-24/Actor_06/03-01-07-01-02-02-06.wav,3,1,7,1,2,2,6,disgust
Audio_Speech_Actors_01-24/Actor_06/03-01-05-02-02-02-06.wav,3,1,5,2,2,2,6,angry
Audio_Speech_Actors_01-24/Actor_06/03-01-06-02-02-01-06.wav,3,1,6,2,2,1,6,fearful
Audio_Speech_Actors_01-24/Actor_06/03-01-06-01-01-01-06.wav,3,1,6,1,1,1,6,fearful
Audio_Speech_Actors_01-24/Actor_06/03-01-05-01-01-02-06.wav,3,1,5,1,1,2,6,angry
Audio_Speech_Actors_01-24/Actor_06/03-01-02-01-01-02-06.wav,3,1,2,1,1,2,6,calm
Audio_Speech_Actors_01-24/Actor_06/03-01-01-01-01-01-06.wav,3,1,1,1,1,1,6,neutral
Audio_Speech_Actors_01-24/Actor_06/03-01-02-02-02-02-06.wav,3,1,2,2,2,2,6,calm
Audio_Speech_Actors_01-24/Actor_06/03-01-03-01-02-01-06.wav,3,1,3,1,2,1,6,happy
Audio_Speech_Actors_01-24/Actor_06/03-01-03-02-01-01-06.wav,3,1,3,2,1,1,6,happy
Audio_Speech_Actors_01-24/Actor_06/03-01-08-02-02-02-06.wav,3,1,8,2,2,2,6,surprised
Audio_Speech_Actors_01-24/Actor_06/03-01-08-01-01-02-06.wav,3,1,8,1,1,2,6,surprised
Audio_Speech_Actors_01-24/Actor_06/03-01-06-01-02-01-06.wav,3,1,6,1,2,1,6,fearful
Audio_Speech_Actors_01-24/Actor_06/03-01-05-01-02-02-06.wav,3,1,5,1,2,2,6,angry
Audio_Speech_Actors_01-24/Actor_06/03-01-05-02-01-02-06.wav,3,1,5,2,1,2,6,angry
Audio_Speech_Actors_01-24/Actor_06/03-01-06-02-01-01-06.wav,3,1,6,2,1,1,6,fearful
Audio_Speech_Actors_01-24/Actor_06/03-01-04-01-01-01-06.wav,3,1,4,1,1,1,6,sad
Audio_Speech_Actors_01-24/Actor_06/03-01-07-01-01-02-06.wav,3,1,7,1,1,2,6,disgust
Audio_Speech_Actors_01-24/Actor_06/03-01-07-02-02-02-06.wav,3,1,7,2,2,2,6,disgust
Audio_Speech_Actors_01-24/Actor_06/03-01-04-02-02-01-06.wav,3,1,4,2,2,1,6,sad
Audio_Speech_Actors_01-24/Actor_06/03-01-03-02-02-01-06.wav,3,1,3,2,2,1,6,happy
Audio_Speech_Actors_01-24/Actor_06/03-01-03-01-01-01-06.wav,3,1,3,1,1,1,6,happy
Audio_Speech_Actors_01-24/Actor_06/03-01-02-02-01-02-06.wav,3,1,2,2,1,2,6,calm
Audio_Speech_Actors_01-24/Actor_06/03-01-02-01-02-02-06.wav,3,1,2,1,2,2,6,calm
Audio_Speech_Actors_01-24/Actor_06/03-01-01-01-02-01-06.wav,3,1,1,1,2,1,6,neutral
Audio_Speech_Actors_01-24/Actor_06/03-01-03-02-01-02-06.wav,3,1,3,2,1,2,6,happy
Audio_Speech_Actors_01-24/Actor_06/03-01-03-01-02-02-06.wav,3,1,3,1,2,2,6,happy
Audio_Speech_Actors_01-24/Actor_06/03-01-02-02-02-01-06.wav,3,1,2,2,2,1,6,calm
Audio_Speech_Actors_01-24/Actor_06/03-01-01-01-01-02-06.wav,3,1,1,1,1,2,6,neutral
Audio_Speech_Actors_01-24/Actor_06/03-01-02-01-01-01-06.wav,3,1,2,1,1,1,6,calm
Audio_Speech_Actors_01-24/Actor_06/03-01-08-02-01-01-06.wav,3,1,8,2,1,1,6,surprised
Audio_Speech_Actors_01-24/Actor_06/03-01-08-01-02-01-06.wav,3,1,8,1,2,1,6,surprised
Audio_Speech_Actors_01-24/Actor_06/03-01-05-01-01-01-06.wav,3,1,5,1,1,1,6,angry
Audio_Speech_Actors_01-24/Actor_06/03-01-06-01-01-02-06.wav,3,1,6,1,1,2,6,fearful
Audio_Speech_Actors_01-24/Actor_06/03-01-06-02-02-02-06.wav,3,1,6,2,2,2,6,fearful
Audio_Speech_Actors_01-24/Actor_06/03-01-05-02-02-01-06.wav,3,1,5,2,2,1,6,angry
Audio_Speech_Actors_01-24/Actor_06/03-01-07-01-02-01-06.wav,3,1,7,1,2,1,6,disgust
Audio_Speech_Actors_01-24/Actor_06/03-01-04-01-02-02-06.wav,3,1,4,1,2,2,6,sad
Audio_Speech_Actors_01-24/Actor_06/03-01-04-02-01-02-06.wav,3,1,4,2,1,2,6,sad
Audio_Speech_Actors_01-24/Actor_06/03-01-07-02-01-01-06.wav,3,1,7,2,1,1,6,disgust
Audio_Speech_Actors_01-24/Actor_01/03-01-08-02-02-01-01.wav,3,1,8,2,2,1,1,surprised
Audio_Speech_Actors_01-24/Actor_01/03-01-08-01-01-01-01.wav,3,1,8,1,1,1,1,surprised
Audio_Speech_Actors_01-24/Actor_01/03-01-05-01-02-01-01.wav,3,1,5,1,2,1,1,angry
Audio_Speech_Actors_01-24/Actor_01/03-01-06-01-02-02-01.wav,3,1,6,1,2,2,1,fearful
Audio_Speech_Actors_01-24/Actor_01/03-01-06-02-01-02-01.wav,3,1,6,2,1,2,1,fearful
Audio_Speech_Actors_01-24/Actor_01/03-01-05-02-01-01-01.wav,3,1,5,2,1,1,1,angry
Audio_Speech_Actors_01-24/Actor_01/03-01-07-01-01-01-01.wav,3,1,7,1,1,1,1,disgust
Audio_Speech_Actors_01-24/Actor_01/03-01-04-01-01-02-01.wav,3,1,4,1,1,2,1,sad
Audio_Speech_Actors_01-24/Actor_01/03-01-04-02-02-02-01.wav,3,1,4,2,2,2,1,sad
Audio_Speech_Actors_01-24/Actor_01/03-01-07-02-02-01-01.wav,3,1,7,2,2,1,1,disgust
Audio_Speech_Actors_01-24/Actor_01/03-01-03-02-02-02-01.wav,3,1,3,2,2,2,1,happy
Audio_Speech_Actors_01-24/Actor_01/03-01-03-01-01-02-01.wav,3,1,3,1,1,2,1,happy
Audio_Speech_Actors_01-24/Actor_01/03-01-02-02-01-01-01.wav,3,1,2,2,1,1,1,calm
Audio_Speech_Actors_01-24/Actor_01/03-01-01-01-02-02-01.wav,3,1,1,1,2,2,1,neutral
Audio_Speech_Actors_01-24/Actor_01/03-01-02-01-02-01-01.wav,3,1,2,1,2,1,1,calm
Audio_Speech_Actors_01-24/Actor_01/03-01-03-02-01-01-01.wav,3,1,3,2,1,1,1,happy
Audio_Speech_Actors_01-24/Actor_01/03-01-03-01-02-01-01.wav,3,1,3,1,2,1,1,happy
Audio_Speech_Actors_01-24/Actor_01/03-01-02-02-02-02-01.wav,3,1,2,2,2,2,1,calm
Audio_Speech_Actors_01-24/Actor_01/03-01-02-01-01-02-01.wav,3,1,2,1,1,2,1,calm
Audio_Speech_Actors_01-24/Actor_01/03-01-01-01-01-01-01.wav,3,1,1,1,1,1,1,neutral
Audio_Speech_Actors_01-24/Actor_01/03-01-08-02-01-02-01.wav,3,1,8,2,1,2,1,surprised
Audio_Speech_Actors_01-24/Actor_01/03-01-08-01-02-02-01.wav,3,1,8,1,2,2,1,surprised
Audio_Speech_Actors_01-24/Actor_01/03-01-06-01-01-01-01.wav,3,1,6,1,1,1,1,fearful
Audio_Speech_Actors_01-24/Actor_01/03-01-05-01-01-02-01.wav,3,1,5,1,1,2,1,angry
Audio_Speech_Actors_01-24/Actor_01/03-01-05-02-02-02-01.wav,3,1,5,2,2,2,1,angry
Audio_Speech_Actors_01-24/Actor_01/03-01-06-02-02-01-01.wav,3,1,6,2,2,1,1,fearful
Audio_Speech_Actors_01-24/Actor_01/03-01-04-01-02-01-01.wav,3,1,4,1,2,1,1,sad
Audio_Speech_Actors_01-24/Actor_01/03-01-07-01-02-02-01.wav,3,1,7,1,2,2,1,disgust
Audio_Speech_Actors_01-24/Actor_01/03-01-07-02-01-02-01.wav,3,1,7,2,1,2,1,disgust
Audio_Speech_Actors_01-24/Actor_01/03-01-04-02-01-01-01.wav,3,1,4,2,1,1,1,sad
Audio_Speech_Actors_01-24/Actor_01/03-01-02-01-02-02-01.wav,3,1,2,1,2,2,1,calm
Audio_Speech_Actors_01-24/Actor_01/03-01-01-01-02-01-01.wav,3,1,1,1,2,1,1,neutral
Audio_Speech_Actors_01-24/Actor_01/03-01-02-02-01-02-01.wav,3,1,2,2,1,2,1,calm
Audio_Speech_Actors_01-24/Actor_01/03-01-03-01-01-01-01.wav,3,1,3,1,1,1,1,happy
Audio_Speech_Actors_01-24/Actor_01/03-01-03-02-02-01-01.wav,3,1,3,2,2,1,1,happy
Audio_Speech_Actors_01-24/Actor_01/03-01-08-01-01-02-01.wav,3,1,8,1,1,2,1,surprised
Audio_Speech_Actors_01-24/Actor_01/03-01-08-02-02-02-01.wav,3,1,8,2,2,2,1,surprised
Audio_Speech_Actors_01-24/Actor_01/03-01-07-02-02-02-01.wav,3,1,7,2,2,2,1,disgust
Audio_Speech_Actors_01-24/Actor_01/03-01-04-02-02-01-01.wav,3,1,4,2,2,1,1,sad
Audio_Speech_Actors_01-24/Actor_01/03-01-04-01-01-01-01.wav,3,1,4,1,1,1,1,sad
Audio_Speech_Actors_01-24/Actor_01/03-01-07-01-01-02-01.wav,3,1,7,1,1,2,1,disgust
Audio_Speech_Actors_01-24/Actor_01/03-01-05-02-01-02-01.wav,3,1,5,2,1,2,1,angry
Audio_Speech_Actors_01-24/Actor_01/03-01-06-02-01-01-01.wav,3,1,6,2,1,1,1,fearful
Audio_Speech_Actors_01-24/Actor_01/03-01-06-01-02-01-01.wav,3,1,6,1,2,1,1,fearful
Audio_Speech_Actors_01-24/Actor_01/03-01-05-01-02-02-01.wav,3,1,5,1,2,2,1,angry
Audio_Speech_Actors_01-24/Actor_01/03-01-08-01-02-01-01.wav,3,1,8,1,2,1,1,surprised
Audio_Speech_Actors_01-24/Actor_01/03-01-08-02-01-01-01.wav,3,1,8,2,1,1,1,surprised
Audio_Speech_Actors_01-24/Actor_01/03-01-04-02-01-02-01.wav,3,1,4,2,1,2,1,sad
Audio_Speech_Actors_01-24/Actor_01/03-01-07-02-01-01-01.wav,3,1,7,2,1,1,1,disgust
Audio_Speech_Actors_01-24/Actor_01/03-01-07-01-02-01-01.wav,3,1,7,1,2,1,1,disgust
Audio_Speech_Actors_01-24/Actor_01/03-01-04-01-02-02-01.wav,3,1,4,1,2,2,1,sad
Audio_Speech_Actors_01-24/Actor_01/03-01-06-02-02-02-01.wav,3,1,6,2,2,2,1,fearful
Audio_Speech_Actors_01-24/Actor_01/03-01-05-02-02-01-01.wav,3,1,5,2,2,1,1,angry
Audio_Speech_Actors_01-24/Actor_01/03-01-05-01-01-01-01.wav,3,1,5,1,1,1,1,angry
Audio_Speech_Actors_01-24/Actor_01/03-01-06-01-01-02-01.wav,3,1,6,1,1,2,1,fearful
Audio_Speech_Actors_01-24/Actor_01/03-01-01-01-01-02-01.wav,3,1,1,1,1,2,1,neutral
Audio_Speech_Actors_01-24/Actor_01/03-01-02-01-01-01-01.wav,3,1,2,1,1,1,1,calm
Audio_Speech_Actors_01-24/Actor_01/03-01-02-02-02-01-01.wav,3,1,2,2,2,1,1,calm
Audio_Speech_Actors_01-24/Actor_01/03-01-03-01-02-02-01.wav,3,1,3,1,2,2,1,happy
Audio_Speech_Actors_01-24/Actor_01/03-01-03-02-01-02-01.wav,3,1,3,2,1,2,1,happy
Audio_Speech_Actors_01-24/Actor_08/03-01-08-01-02-01-08.wav,3,1,8,1,2,1,8,surprised
Audio_Speech_Actors_01-24/Actor_08/03-01-08-02-01-01-08.wav,3,1,8,2,1,1,8,surprised
Audio_Speech_Actors_01-24/Actor_08/03-01-07-02-01-01-08.wav,3,1,7,2,1,1,8,disgust
Audio_Speech_Actors_01-24/Actor_08/03-01-04-02-01-02-08.wav,3,1,4,2,1,2,8,sad
Audio_Speech_Actors_01-24/Actor_08/03-01-04-01-02-02-08.wav,3,1,4,1,2,2,8,sad
Audio_Speech_Actors_01-24/Actor_08/03-01-07-01-02-01-08.wav,3,1,7,1,2,1,8,disgust
Audio_Speech_Actors_01-24/Actor_08/03-01-05-02-02-01-08.wav,3,1,5,2,2,1,8,angry
Audio_Speech_Actors_01-24/Actor_08/03-01-06-02-02-02-08.wav,3,1,6,2,2,2,8,fearful
Audio_Speech_Actors_01-24/Actor_08/03-01-06-01-01-02-08.wav,3,1,6,1,1,2,8,fearful
Audio_Speech_Actors_01-24/Actor_08/03-01-05-01-01-01-08.wav,3,1,5,1,1,1,8,angry
Audio_Speech_Actors_01-24/Actor_08/03-01-02-01-01-01-08.wav,3,1,2,1,1,1,8,calm
Audio_Speech_Actors_01-24/Actor_08/03-01-01-01-01-02-08.wav,3,1,1,1,1,2,8,neutral
Audio_Speech_Actors_01-24/Actor_08/03-01-02-02-02-01-08.wav,3,1,2,2,2,1,8,calm
Audio_Speech_Actors_01-24/Actor_08/03-01-03-01-02-02-08.wav,3,1,3,1,2,2,8,happy
Audio_Speech_Actors_01-24/Actor_08/03-01-03-02-01-02-08.wav,3,1,3,2,1,2,8,happy
Audio_Speech_Actors_01-24/Actor_08/03-01-01-01-02-01-08.wav,3,1,1,1,2,1,8,neutral
Audio_Speech_Actors_01-24/Actor_08/03-01-02-01-02-02-08.wav,3,1,2,1,2,2,8,calm
Audio_Speech_Actors_01-24/Actor_08/03-01-02-02-01-02-08.wav,3,1,2,2,1,2,8,calm
Audio_Speech_Actors_01-24/Actor_08/03-01-03-01-01-01-08.wav,3,1,3,1,1,1,8,happy
Audio_Speech_Actors_01-24/Actor_08/03-01-03-02-02-01-08.wav,3,1,3,2,2,1,8,happy
Audio_Speech_Actors_01-24/Actor_08/03-01-08-01-01-02-08.wav,3,1,8,1,1,2,8,surprised
Audio_Speech_Actors_01-24/Actor_08/03-01-08-02-02-02-08.wav,3,1,8,2,2,2,8,surprised
Audio_Speech_Actors_01-24/Actor_08/03-01-04-02-02-01-08.wav,3,1,4,2,2,1,8,sad
Audio_Speech_Actors_01-24/Actor_08/03-01-07-02-02-02-08.wav,3,1,7,2,2,2,8,disgust
Audio_Speech_Actors_01-24/Actor_08/03-01-07-01-01-02-08.wav,3,1,7,1,1,2,8,disgust
Audio_Speech_Actors_01-24/Actor_08/03-01-04-01-01-01-08.wav,3,1,4,1,1,1,8,sad
Audio_Speech_Actors_01-24/Actor_08/03-01-06-02-01-01-08.wav,3,1,6,2,1,1,8,fearful
Audio_Speech_Actors_01-24/Actor_08/03-01-05-02-01-02-08.wav,3,1,5,2,1,2,8,angry
Audio_Speech_Actors_01-24/Actor_08/03-01-05-01-02-02-08.wav,3,1,5,1,2,2,8,angry
Audio_Speech_Actors_01-24/Actor_08/03-01-06-01-02-01-08.wav,3,1,6,1,2,1,8,fearful
Audio_Speech_Actors_01-24/Actor_08/03-01-03-02-01-01-08.wav,3,1,3,2,1,1,8,happy
Audio_Speech_Actors_01-24/Actor_08/03-01-03-01-02-01-08.wav,3,1,3,1,2,1,8,happy
Audio_Speech_Actors_01-24/Actor_08/03-01-02-02-02-02-08.wav,3,1,2,2,2,2,8,calm
Audio_Speech_Actors_01-24/Actor_08/03-01-01-01-01-01-08.wav,3,1,1,1,1,1,8,neutral
Audio_Speech_Actors_01-24/Actor_08/03-01-02-01-01-02-08.wav,3,1,2,1,1,2,8,calm
Audio_Speech_Actors_01-24/Actor_08/03-01-08-02-01-02-08.wav,3,1,8,2,1,2,8,surprised
Audio_Speech_Actors_01-24/Actor_08/03-01-08-01-02-02-08.wav,3,1,8,1,2,2,8,surprised
Audio_Speech_Actors_01-24/Actor_08/03-01-05-01-01-02-08.wav,3,1,5,1,1,2,8,angry
Audio_Speech_Actors_01-24/Actor_08/03-01-06-01-01-01-08.wav,3,1,6,1,1,1,8,fearful
Audio_Speech_Actors_01-24/Actor_08/03-01-06-02-02-01-08.wav,3,1,6,2,2,1,8,fearful
Audio_Speech_Actors_01-24/Actor_08/03-01-05-02-02-02-08.wav,3,1,5,2,2,2,8,angry
Audio_Speech_Actors_01-24/Actor_08/03-01-07-01-02-02-08.wav,3,1,7,1,2,2,8,disgust
Audio_Speech_Actors_01-24/Actor_08/03-01-04-01-02-01-08.wav,3,1,4,1,2,1,8,sad
Audio_Speech_Actors_01-24/Actor_08/03-01-04-02-01-01-08.wav,3,1,4,2,1,1,8,sad
Audio_Speech_Actors_01-24/Actor_08/03-01-07-02-01-02-08.wav,3,1,7,2,1,2,8,disgust
Audio_Speech_Actors_01-24/Actor_08/03-01-08-02-02-01-08.wav,3,1,8,2,2,1,8,surprised
Audio_Speech_Actors_01-24/Actor_08/03-01-08-01-01-01-08.wav,3,1,8,1,1,1,8,surprised
Audio_Speech_Actors_01-24/Actor_08/03-01-06-01-02-02-08.wav,3,1,6,1,2,2,8,fearful
Audio_Speech_Actors_01-24/Actor_08/03-01-05-01-02-01-08.wav,3,1,5,1,2,1,8,angry
Audio_Speech_Actors_01-24/Actor_08/03-01-05-02-01-01-08.wav,3,1,5,2,1,1,8,angry
Audio_Speech_Actors_01-24/Actor_08/03-01-06-02-01-02-08.wav,3,1,6,2,1,2,8,fearful
Audio_Speech_Actors_01-24/Actor_08/03-01-04-01-01-02-08.wav,3,1,4,1,1,2,8,sad
Audio_Speech_Actors_01-24/Actor_08/03-01-07-01-01-01-08.wav,3,1,7,1,1,1,8,disgust
Audio_Speech_Actors_01-24/Actor_08/03-01-07-02-02-01-08.wav,3,1,7,2,2,1,8,disgust
Audio_Speech_Actors_01-24/Actor_08/03-01-04-02-02-02-08.wav,3,1,4,2,2,2,8,sad
Audio_Speech_Actors_01-24/Actor_08/03-01-03-02-02-02-08.wav,3,1,3,2,2,2,8,happy
Audio_Speech_Actors_01-24/Actor_08/03-01-03-01-01-02-08.wav,3,1,3,1,1,2,8,happy
Audio_Speech_Actors_01-24/Actor_08/03-01-02-02-01-01-08.wav,3,1,2,2,1,1,8,calm
Audio_Speech_Actors_01-24/Actor_08/03-01-02-01-02-01-08.wav,3,1,2,1,2,1,8,calm
Audio_Speech_Actors_01-24/Actor_08/03-01-01-01-02-02-08.wav,3,1,1,1,2,2,8,neutral
